Gender,Age,Course,Event,B,BB,A,AA,AAA,AAAA
Girls,10,SCY,50 FR,39.89,36.09,32.19,30.89,29.69,28.39
Boys,10,SCY,50 FR,38.29,34.79,31.19,29.99,28.79,27.59
Girls,10,SCY,100 FR,1:30.89,1:21.19,1:11.49,1:08.29,1:05.09,1:01.89
Boys,10,SCY,100 FR,1:28.49,1:19.29,1:10.19,1:07.19,1:04.09,1:01.09
Girls,10,SCY,200 FR,3:22.79,3:00.59,2:38.39,2:30.99,2:23.59,2:16.19
Boys,10,SCY,200 FR,3:09.59,2:50.69,2:31.69,2:25.39,2:19.09,2:12.79
Girls,10,SCY,500 FR,8:37.39,7:45.69,6:53.89,6:36.69,6:19.39,6:02.19
Boys,10,SCY,500 FR,8:24.49,7:34.09,6:43.59,6:26.79,6:09.99,5:53.19
Girls,10,SCY,50 BK,48.59,43.29,37.99,36.19,34.39,32.59
Boys,10,SCY,50 BK,48.49,43.09,37.79,35.99,34.19,32.39
Girls,10,SCY,100 BK,1:45.79,1:33.99,1:22.29,1:18.39,1:14.49,1:10.59
Boys,10,SCY,100 BK,1:41.09,1:30.49,1:19.89,1:16.29,1:12.79,1:09.29
Girls,10,SCY,50 BR,54.59,48.69,42.79,40.89,38.89,36.89
Boys,10,SCY,50 BR,53.49,47.79,42.09,40.19,38.29,36.39
Girls,10,SCY,100 BR,2:00.29,1:46.89,1:33.59,1:29.09,1:24.69,1:20.19
Boys,10,SCY,100 BR,1:55.49,1:43.59,1:31.69,1:27.69,1:23.69,1:19.69
Girls,10,SCY,50 FL,48.39,42.69,36.99,35.09,33.19,31.29
Boys,10,SCY,50 FL,46.49,41.29,36.09,34.29,32.59,30.79
Girls,10,SCY,100 FL,1:56.69,1:41.39,1:26.09,1:20.99,1:15.99,1:10.89
Boys,10,SCY,100 FL,1:53.89,1:39.29,1:24.59,1:19.79,1:14.89,1:09.99
Girls,10,SCY,100 IM,1:44.99,1:33.79,1:22.59,1:18.89,1:15.19,1:11.49
Boys,10,SCY,100 IM,1:39.79,1:29.79,1:19.89,1:16.49,1:13.19,1:09.89
Girls,10,SCY,200 IM,3:42.99,3:19.59,2:56.19,2:48.39,2:40.69,2:32.89
Boys,10,SCY,200 IM,3:38.59,3:15.99,2:53.49,2:45.89,2:38.39,2:30.89
Girls,11,SCY,50 FR,35.39,32.99,30.49,29.29,28.09,26.79
Boys,11,SCY,50 FR,35.09,32.59,30.09,28.79,27.59,26.29
Girls,11,SCY,100 FR,1:17.69,1:12.19,1:06.59,1:03.79,1:01.09,58.29
Boys,11,SCY,100 FR,1:16.09,1:10.59,1:05.19,1:02.49,59.79,57.09
Girls,11,SCY,200 FR,2:49.09,2:37.09,2:24.99,2:18.89,2:12.89,2:06.89
Boys,11,SCY,200 FR,2:46.59,2:34.69,2:22.79,2:16.89,2:10.89,2:04.99
Girls,11,SCY,500 FR,7:33.99,7:01.59,6:29.19,6:12.99,5:56.79,5:40.49
Boys,11,SCY,500 FR,7:26.19,6:54.39,6:22.49,6:06.59,5:50.59,5:34.69
Girls,11,SCY,1000 FR,15:44.49,14:36.99,13:29.59,12:55.79,12:22.09,11:48.39
Boys,11,SCY,1000 FR,15:38.69,14:31.69,13:24.59,12:51.09,12:17.59,11:43.99
Girls,11,SCY,1650 FR,26:44.99,24:50.29,22:55.69,21:58.39,21:01.09,20:03.69
Boys,11,SCY,1650 FR,26:32.09,24:38.39,22:44.69,21:47.79,20:50.99,19:54.09
Girls,11,SCY,50 BK,40.59,37.69,34.79,33.39,31.89,30.49
Boys,11,SCY,50 BK,41.19,38.09,34.89,33.39,31.79,30.19
Girls,11,SCY,100 BK,1:30.69,1:23.59,1:16.39,1:12.79,1:09.29,1:05.69
Boys,11,SCY,100 BK,1:29.79,1:22.69,1:15.59,1:12.09,1:08.59,1:04.99
Girls,11,SCY,200 BK,3:09.69,2:56.19,2:42.59,2:35.89,2:29.09,2:22.29
Boys,11,SCY,200 BK,3:07.59,2:54.19,2:40.79,2:34.09,2:27.39,2:20.69
Girls,11,SCY,50 BR,45.49,42.29,38.99,37.39,35.79,34.09
Boys,11,SCY,50 BR,46.89,43.19,39.49,37.69,35.79,33.99
Girls,11,SCY,100 BR,1:40.29,1:32.89,1:25.49,1:21.79,1:18.09,1:14.39
Boys,11,SCY,100 BR,1:40.29,1:32.59,1:24.99,1:21.19,1:17.29,1:13.49
Girls,11,SCY,200 BR,3:35.39,3:19.99,3:04.59,2:56.89,2:49.19,2:41.49
Boys,11,SCY,200 BR,3:34.19,3:18.89,3:03.59,2:55.99,2:48.29,2:40.69
Girls,11,SCY,50 FL,38.89,36.09,33.39,31.99,30.59,29.19
Boys,11,SCY,50 FL,40.09,36.89,33.69,32.09,30.49,28.89
Girls,11,SCY,100 FL,1:30.79,1:23.49,1:16.29,1:12.59,1:08.99,1:05.39
Boys,11,SCY,100 FL,1:30.49,1:22.99,1:15.59,1:11.89,1:08.19,1:04.49
Girls,11,SCY,200 FL,3:16.49,3:02.39,2:48.39,2:41.39,2:34.39,2:27.39
Boys,11,SCY,200 FL,3:11.79,2:58.09,2:44.39,2:37.49,2:30.69,2:23.79
Girls,11,SCY,100 IM,1:28.69,1:22.29,1:15.99,1:12.79,1:09.69,1:06.49
Boys,11,SCY,100 IM,1:28.09,1:21.69,1:15.29,1:12.09,1:08.89,1:05.69
Girls,11,SCY,200 IM,3:12.79,2:58.99,2:45.19,2:38.39,2:31.49,2:24.59
Boys,11,SCY,200 IM,3:12.69,2:58.19,2:43.69,2:36.49,2:29.29,2:21.99
Girls,11,SCY,400 IM,6:52.09,6:22.69,5:53.29,5:38.49,5:23.79,5:09.09
Boys,11,SCY,400 IM,6:41.49,6:12.79,5:44.19,5:29.79,5:15.49,5:01.19
Girls,12,SCY,50 FR,34.09,31.69,29.39,28.19,26.99,25.79
Boys,12,SCY,50 FR,32.79,30.49,28.09,26.99,25.79,24.59
Girls,12,SCY,100 FR,1:14.69,1:09.39,1:04.09,1:01.39,58.69,56.09
Boys,12,SCY,100 FR,1:11.49,1:06.39,1:01.29,58.79,56.19,53.69
Girls,12,SCY,200 FR,2:43.39,2:31.69,2:19.99,2:14.19,2:08.39,2:02.49
Boys,12,SCY,200 FR,2:35.99,2:24.89,2:13.69,2:08.19,2:02.59,1:56.99
Girls,12,SCY,500 FR,7:17.29,6:46.09,6:14.89,5:59.19,5:43.59,5:27.99
Boys,12,SCY,500 FR,6:59.89,6:29.99,5:59.99,5:44.99,5:29.99,5:14.99
Girls,12,SCY,1000 FR,15:02.69,13:58.19,12:53.79,12:21.49,11:49.29,11:16.99
Boys,12,SCY,1000 FR,14:43.49,13:40.39,12:37.29,12:05.79,11:34.19,11:02.59
Girls,12,SCY,1650 FR,25:07.39,23:19.69,21:32.09,20:38.19,19:44.39,18:50.59
Boys,12,SCY,1650 FR,24:28.59,22:43.69,20:58.79,20:06.39,19:13.89,18:21.49
Girls,12,SCY,50 BK,38.79,36.09,33.29,31.89,30.49,29.09
Boys,12,SCY,50 BK,38.49,35.59,32.69,31.19,29.69,28.19
Girls,12,SCY,100 BK,1:26.59,1:19.79,1:12.99,1:09.59,1:06.19,1:02.69
Boys,12,SCY,100 BK,1:22.19,1:15.69,1:09.29,1:05.99,1:02.79,59.49
Girls,12,SCY,200 BK,3:00.09,2:47.19,2:34.39,2:27.89,2:21.49,2:15.09
Boys,12,SCY,200 BK,2:52.89,2:40.49,2:28.19,2:21.99,2:15.89,2:09.69
Girls,12,SCY,50 BR,43.99,40.89,37.69,36.19,34.59,32.99
Boys,12,SCY,50 BR,43.49,40.09,36.69,34.99,33.29,31.49
Girls,12,SCY,100 BR,1:36.49,1:29.39,1:22.19,1:18.69,1:15.09,1:11.49
Boys,12,SCY,100 BR,1:32.59,1:25.49,1:18.39,1:14.89,1:11.39,1:07.79
Girls,12,SCY,200 BR,3:25.89,3:11.19,2:56.49,2:49.09,2:41.79,2:34.39
Boys,12,SCY,200 BR,3:16.49,3:02.39,2:48.39,2:41.39,2:34.39,2:27.39
Girls,12,SCY,50 FL,36.99,34.29,31.69,30.39,29.09,27.79
Boys,12,SCY,50 FL,37.09,34.19,31.19,29.69,28.19,26.69
Girls,12,SCY,100 FL,1:26.09,1:19.19,1:12.29,1:08.89,1:05.49,1:01.99
Boys,12,SCY,100 FL,1:22.89,1:16.09,1:09.29,1:05.89,1:02.49,59.09
Girls,12,SCY,200 FL,3:03.39,2:50.29,2:37.19,2:30.59,2:24.09,2:17.59
Boys,12,SCY,200 FL,2:56.69,2:44.09,2:31.49,2:25.19,2:18.89,2:12.49
Girls,12,SCY,100 IM,1:25.29,1:19.19,1:13.09,1:10.09,1:06.99,1:03.99
Boys,12,SCY,100 IM,1:21.89,1:15.89,1:09.99,1:06.99,1:03.99,1:01.09
Girls,12,SCY,200 IM,3:03.99,2:50.79,2:37.69,2:31.09,2:24.59,2:17.99
Boys,12,SCY,200 IM,2:59.29,2:45.79,2:32.29,2:25.59,2:18.79,2:12.09
Girls,12,SCY,400 IM,6:32.29,6:04.29,5:36.29,5:22.29,5:08.29,4:54.29
Boys,12,SCY,400 IM,6:17.39,5:50.49,5:23.49,5:09.99,4:56.49,4:43.09
Girls,13,SCY,50 FR,33.29,30.89,28.59,27.39,26.19,24.99
Boys,13,SCY,50 FR,31.09,28.89,26.69,25.59,24.39,23.29
Girls,13,SCY,100 FR,1:12.49,1:07.29,1:02.09,59.59,56.99,54.39
Boys,13,SCY,100 FR,1:07.59,1:02.69,57.89,55.49,53.09,50.69
Girls,13,SCY,200 FR,2:37.69,2:26.49,2:15.19,2:09.59,2:03.89,1:58.29
Boys,13,SCY,200 FR,2:27.79,2:17.19,2:06.69,2:01.39,1:56.09,1:50.79
Girls,13,SCY,500 FR,7:00.59,6:30.59,6:00.49,5:45.49,5:30.49,5:15.49
Boys,13,SCY,500 FR,6:38.69,6:10.19,5:41.69,5:27.49,5:13.29,4:58.99
Girls,13,SCY,1000 FR,14:35.79,13:33.29,12:30.69,11:59.39,11:28.19,10:56.89
Boys,13,SCY,1000 FR,13:44.89,12:45.99,11:47.09,11:17.59,10:48.19,10:18.69
Girls,13,SCY,1650 FR,24:16.79,22:32.69,20:48.69,19:56.69,19:04.59,18:12.59
Boys,13,SCY,1650 FR,23:07.49,21:28.39,19:49.29,18:59.69,18:10.19,17:20.59
Girls,13,SCY,50 BK,37.19,34.59,31.89,30.59,29.29,27.89
Boys,13,SCY,50 BK,35.39,32.89,30.39,29.09,27.89,26.59
Girls,13,SCY,100 BK,1:19.29,1:13.59,1:07.99,1:05.09,1:02.29,59.49
Boys,13,SCY,100 BK,1:14.39,1:09.09,1:03.79,1:01.09,58.49,55.79
Girls,13,SCY,200 BK,2:50.99,2:38.79,2:26.59,2:20.39,2:14.29,2:08.19
Boys,13,SCY,200 BK,2:42.09,2:30.59,2:18.99,2:13.19,2:07.39,2:01.59
Girls,13,SCY,50 BR,43.19,40.09,36.99,35.49,33.99,32.39
Boys,13,SCY,50 BR,40.49,37.59,34.69,33.29,31.79,30.39
Girls,13,SCY,100 BR,1:30.99,1:24.49,1:17.99,1:14.69,1:11.49,1:08.19
Boys,13,SCY,100 BR,1:24.29,1:18.29,1:12.29,1:09.29,1:06.29,1:03.29
Girls,13,SCY,200 BR,3:15.99,3:01.99,2:47.99,2:40.99,2:33.99,2:26.99
Boys,13,SCY,200 BR,3:02.99,2:49.89,2:36.79,2:30.29,2:23.79,2:17.19
Girls,13,SCY,50 FL,36.69,34.09,31.49,30.19,28.79,27.49
Boys,13,SCY,50 FL,34.69,32.19,29.69,28.49,27.29,25.99
Girls,13,SCY,100 FL,1:18.89,1:13.29,1:07.59,1:04.79,1:01.99,59.19
Boys,13,SCY,100 FL,1:13.79,1:08.49,1:03.19,1:00.59,57.99,55.29
Girls,13,SCY,200 FL,2:56.29,2:43.69,2:31.09,2:24.79,2:18.49,2:12.19
Boys,13,SCY,200 FL,2:45.29,2:33.49,2:21.69,2:15.79,2:09.89,2:03.99
Girls,13,SCY,200 IM,2:56.69,2:44.09,2:31.39,2:25.09,2:18.79,2:12.49
Boys,13,SCY,200 IM,2:44.69,2:32.89,2:21.19,2:15.29,2:09.39,2:03.49
Girls,13,SCY,400 IM,6:14.09,5:47.39,5:20.69,5:07.29,4:53.99,4:40.59
Boys,13,SCY,400 IM,5:52.79,5:27.59,5:02.39,4:49.79,4:37.19,4:24.59
Girls,14,SCY,50 FR,32.69,30.39,27.99,26.89,25.69,24.49
Boys,14,SCY,50 FR,29.89,27.69,25.59,24.59,23.49,22.39
Girls,14,SCY,100 FR,1:10.99,1:05.89,1:00.89,58.29,55.79,53.29
Boys,14,SCY,100 FR,1:05.09,1:00.39,55.79,53.49,51.19,48.79
Girls,14,SCY,200 FR,2:33.79,2:22.89,2:11.89,2:06.39,2:00.89,1:55.39
Boys,14,SCY,200 FR,2:22.59,2:12.39,2:02.19,1:57.09,1:51.99,1:46.89
Girls,14,SCY,500 FR,6:52.29,6:22.89,5:53.39,5:38.69,5:23.99,5:09.29
Boys,14,SCY,500 FR,6:25.99,5:58.39,5:30.79,5:17.09,5:03.29,4:49.49
Girls,14,SCY,1000 FR,14:12.09,13:11.19,12:10.39,11:39.89,11:09.49,10:39.09
Boys,14,SCY,1000 FR,13:21.49,12:24.29,11:26.99,10:58.39,10:29.79,10:01.19
Girls,14,SCY,1650 FR,23:45.29,22:03.49,20:21.69,19:30.79,18:39.89,17:48.99
Boys,14,SCY,1650 FR,22:23.29,20:47.39,19:11.39,18:23.49,17:35.49,16:47.49
Girls,14,SCY,50 BK,36.59,33.99,31.39,29.99,28.69,27.39
Boys,14,SCY,50 BK,33.69,31.29,28.89,27.69,26.49,25.29
Girls,14,SCY,100 BK,1:17.19,1:11.69,1:06.19,1:03.39,1:00.69,57.89
Boys,14,SCY,100 BK,1:11.39,1:06.29,1:01.19,58.59,56.09,53.49
Girls,14,SCY,200 BK,2:47.89,2:35.89,2:23.89,2:17.89,2:11.89,2:05.99
Boys,14,SCY,200 BK,2:35.19,2:24.09,2:12.99,2:07.49,2:01.99,1:56.39
Girls,14,SCY,50 BR,42.09,39.09,36.09,34.59,33.09,31.59
Boys,14,SCY,50 BR,38.59,35.79,33.09,31.69,30.29,28.89
Girls,14,SCY,100 BR,1:28.69,1:22.39,1:16.09,1:12.89,1:09.69,1:06.59
Boys,14,SCY,100 BR,1:20.59,1:14.89,1:09.09,1:06.19,1:03.39,1:00.49
Girls,14,SCY,200 BR,3:10.99,2:57.39,2:43.79,2:36.89,2:30.09,2:23.29
Boys,14,SCY,200 BR,2:55.29,2:42.79,2:30.29,2:23.99,2:17.79,2:11.49
Girls,14,SCY,50 FL,35.99,33.39,30.89,29.59,28.29,26.99
Boys,14,SCY,50 FL,33.19,30.79,28.39,27.29,26.09,24.89
Girls,14,SCY,100 FL,1:16.89,1:11.39,1:05.89,1:03.19,1:00.39,57.69
Boys,14,SCY,100 FL,1:10.49,1:05.49,1:00.39,57.89,55.39,52.89
Girls,14,SCY,200 FL,2:51.39,2:39.19,2:26.89,2:20.79,2:14.69,2:08.59
Boys,14,SCY,200 FL,2:36.89,2:25.69,2:14.49,2:08.89,2:03.29,1:57.69
Girls,14,SCY,200 IM,2:52.49,2:40.19,2:27.89,2:21.69,2:15.59,2:09.39
Boys,14,SCY,200 IM,2:37.99,2:26.69,2:15.39,2:09.79,2:04.09,1:58.49
Girls,14,SCY,400 IM,6:06.19,5:39.99,5:13.89,5:00.79,4:47.69,4:34.59
Boys,14,SCY,400 IM,5:37.69,5:13.59,4:49.49,4:37.39,4:25.39,4:13.29
Girls,15,SCY,50 FR,32.29,29.99,27.69,26.49,25.39,24.19
Boys,15,SCY,50 FR,28.89,26.79,24.69,23.69,22.69,21.69
Girls,15,SCY,100 FR,1:10.09,1:05.09,1:00.09,57.59,55.09,52.59
Boys,15,SCY,100 FR,1:03.29,58.79,54.29,51.99,49.79,47.49
Girls,15,SCY,200 FR,2:31.39,2:20.49,2:09.69,2:04.29,1:58.89,1:53.49
Boys,15,SCY,200 FR,2:18.29,2:08.39,1:58.59,1:53.59,1:48.69,1:43.79
Girls,15,SCY,500 FR,6:48.19,6:18.99,5:49.89,5:35.29,5:20.69,5:06.09
Boys,15,SCY,500 FR,6:16.29,5:49.49,5:22.59,5:09.09,4:55.69,4:42.29
Girls,15,SCY,1000 FR,13:59.89,12:59.89,11:59.89,11:29.89,10:59.89,10:29.89
Boys,15,SCY,1000 FR,13:03.69,12:07.69,11:11.79,10:43.79,10:15.79,9:47.79
Girls,15,SCY,1650 FR,23:40.99,21:59.49,20:17.99,19:27.19,18:36.49,17:45.69
Boys,15,SCY,1650 FR,21:47.69,20:14.29,18:40.89,17:54.19,17:07.49,16:20.79
Girls,15,SCY,50 BK,35.89,33.39,30.79,29.49,28.19,26.99
Boys,15,SCY,50 BK,32.69,30.29,27.99,26.89,25.69,24.49
Girls,15,SCY,100 BK,1:15.89,1:10.49,1:05.09,1:02.39,59.69,56.99
Boys,15,SCY,100 BK,1:09.49,1:04.49,59.59,57.09,54.59,52.09
Girls,15,SCY,200 BK,2:44.89,2:33.09,2:21.29,2:15.39,2:09.49,2:03.69
Boys,15,SCY,200 BK,2:31.79,2:20.99,2:10.09,2:04.69,1:59.29,1:53.89
Girls,15,SCY,50 BR,41.89,38.89,35.89,34.39,32.89,31.39
Boys,15,SCY,50 BR,37.49,34.79,32.09,30.79,29.49,28.09
Girls,15,SCY,100 BR,1:27.49,1:21.19,1:14.99,1:11.89,1:08.69,1:05.59
Boys,15,SCY,100 BR,1:18.59,1:12.99,1:07.39,1:04.59,1:01.79,58.99
Girls,15,SCY,200 BR,3:08.19,2:54.69,2:41.29,2:34.59,2:27.89,2:21.19
Boys,15,SCY,200 BR,2:51.49,2:39.19,2:26.99,2:20.89,2:14.79,2:08.59
Girls,15,SCY,50 FL,35.29,32.79,30.29,28.99,27.79,26.49
Boys,15,SCY,50 FL,32.39,30.09,27.79,26.59,25.39,24.29
Girls,15,SCY,100 FL,1:15.79,1:10.39,1:04.99,1:02.29,59.59,56.79
Boys,15,SCY,100 FL,1:08.69,1:03.79,58.89,56.39,53.99,51.49
Girls,15,SCY,200 FL,2:48.19,2:36.19,2:24.19,2:18.19,2:12.19,2:06.19
Boys,15,SCY,200 FL,2:33.99,2:22.99,2:11.99,2:06.49,2:00.99,1:55.49
Girls,15,SCY,200 IM,2:48.89,2:36.89,2:24.79,2:18.79,2:12.69,2:06.69
Boys,15,SCY,200 IM,2:34.19,2:23.19,2:12.19,2:06.69,2:01.19,1:55.69
Girls,15,SCY,400 IM,6:02.79,5:36.89,5:10.99,4:57.99,4:45.09,4:32.09
Boys,15,SCY,400 IM,5:31.59,5:07.89,4:44.19,4:32.39,4:20.49,4:08.69
Girls,16,SCY,50 FR,31.99,29.69,27.39,26.29,25.09,23.99
Boys,16,SCY,50 FR,28.49,26.39,24.39,23.39,22.39,21.39
Girls,16,SCY,100 FR,1:09.39,1:04.39,59.49,56.99,54.49,51.99
Boys,16,SCY,100 FR,1:02.39,57.89,53.49,51.29,48.99,46.79
Girls,16,SCY,200 FR,2:29.39,2:18.69,2:08.09,2:02.69,1:57.39,1:52.09
Boys,16,SCY,200 FR,2:16.29,2:06.59,1:56.79,1:51.99,1:47.09,1:42.19
Girls,16,SCY,500 FR,6:42.59,6:13.89,5:45.09,5:30.69,5:16.39,5:01.99
Boys,16,SCY,500 FR,6:10.39,5:43.99,5:17.49,5:04.29,4:51.09,4:37.79
Girls,16,SCY,1000 FR,13:58.19,12:58.39,11:58.49,11:28.49,10:58.59,10:28.69
Boys,16,SCY,1000 FR,12:51.79,11:56.69,11:01.59,10:33.99,10:06.39,9:38.89
Girls,16,SCY,1650 FR,23:23.29,21:43.09,20:02.89,19:12.79,18:22.59,17:32.49
Boys,16,SCY,1650 FR,21:26.59,19:54.69,18:22.79,17:36.89,16:50.89,16:04.99
Girls,16,SCY,50 BK,35.29,32.79,30.29,28.99,27.79,26.49
Boys,16,SCY,50 BK,31.79,29.59,27.29,26.09,24.99,23.89
Girls,16,SCY,100 BK,1:14.99,1:09.59,1:04.29,1:01.59,58.89,56.29
Boys,16,SCY,100 BK,1:07.79,1:02.89,58.09,55.69,53.29,50.79
Girls,16,SCY,200 BK,2:42.49,2:30.89,2:19.29,2:13.49,2:07.69,2:01.89
Boys,16,SCY,200 BK,2:28.49,2:17.89,2:07.29,2:01.99,1:56.69,1:51.39
Girls,16,SCY,50 BR,41.29,38.39,35.39,33.89,32.49,30.99
Boys,16,SCY,50 BR,36.69,34.09,31.49,30.19,28.89,27.59
Girls,16,SCY,100 BR,1:26.59,1:20.39,1:14.19,1:11.09,1:07.99,1:04.99
Boys,16,SCY,100 BR,1:16.99,1:11.49,1:05.99,1:03.19,1:00.49,57.79
Girls,16,SCY,200 BR,3:07.49,2:54.09,2:40.69,2:33.99,2:27.29,2:20.59
Boys,16,SCY,200 BR,2:47.09,2:35.19,2:23.19,2:17.29,2:11.29,2:05.29
Girls,16,SCY,50 FL,35.09,32.59,30.09,28.79,27.59,26.29
Boys,16,SCY,50 FL,31.79,29.49,27.19,26.09,24.99,23.79
Girls,16,SCY,100 FL,1:14.79,1:09.39,1:04.09,1:01.39,58.79,56.09
Boys,16,SCY,100 FL,1:07.29,1:02.49,57.69,55.29,52.89,50.49
Girls,16,SCY,200 FL,2:46.39,2:34.49,2:22.59,2:16.69,2:10.69,2:04.79
Boys,16,SCY,200 FL,2:30.69,2:19.99,2:09.19,2:03.79,1:58.39,1:53.09
Girls,16,SCY,200 IM,2:47.29,2:35.39,2:23.39,2:17.39,2:11.49,2:05.49
Boys,16,SCY,200 IM,2:31.29,2:20.49,2:09.69,2:04.29,1:58.89,1:53.49
Girls,16,SCY,400 IM,5:58.19,5:32.59,5:06.99,4:54.19,4:41.49,4:28.69
Boys,16,SCY,400 IM,5:23.89,5:00.79,4:37.69,4:26.09,4:14.49,4:02.99
Girls,17,SCY,50 FR,31.79,29.49,27.19,26.09,24.99,23.79
Boys,17,SCY,50 FR,28.09,26.09,24.09,23.09,22.09,21.09
Girls,17,SCY,100 FR,1:08.89,1:03.99,58.99,56.59,54.09,51.69
Boys,17,SCY,100 FR,1:01.39,56.99,52.59,50.39,48.29,46.09
Girls,17,SCY,200 FR,2:28.89,2:18.29,2:07.69,2:02.29,1:56.99,1:51.69
Boys,17,SCY,200 FR,2:15.39,2:05.69,1:55.99,1:51.19,1:46.39,1:41.49
Girls,17,SCY,500 FR,6:41.69,6:12.99,5:44.29,5:29.99,5:15.59,5:01.29
Boys,17,SCY,500 FR,6:07.29,5:41.09,5:14.89,5:01.69,4:48.59,4:35.49
Girls,17,SCY,1000 FR,13:50.99,12:51.69,11:52.29,11:22.59,10:52.89,10:23.29
Boys,17,SCY,1000 FR,12:49.29,11:54.39,10:59.39,10:31.99,10:04.49,9:36.99
Girls,17,SCY,1650 FR,23:15.79,21:36.09,19:56.39,19:06.59,18:16.69,17:26.89
Boys,17,SCY,1650 FR,21:25.19,19:53.39,18:21.59,17:35.69,16:49.79,16:03.89
Girls,17,SCY,50 BK,35.19,32.69,30.19,28.89,27.69,26.39
Boys,17,SCY,50 BK,31.19,28.99,26.79,25.69,24.59,23.39
Girls,17,SCY,100 BK,1:14.49,1:09.19,1:03.89,1:01.19,58.49,55.89
Boys,17,SCY,100 BK,1:06.79,1:02.09,57.29,54.89,52.49,50.09
Girls,17,SCY,200 BK,2:41.59,2:30.09,2:18.49,2:12.79,2:06.99,2:01.19
Boys,17,SCY,200 BK,2:26.09,2:15.69,2:05.19,1:59.99,1:54.79,1:49.59
Girls,17,SCY,50 BR,40.99,38.09,35.19,33.69,32.19,30.79
Boys,17,SCY,50 BR,35.99,33.39,30.89,29.59,28.29,26.99
Girls,17,SCY,100 BR,1:25.59,1:19.49,1:13.39,1:10.29,1:07.29,1:04.19
Boys,17,SCY,100 BR,1:15.49,1:10.09,1:04.69,1:02.09,59.39,56.69
Girls,17,SCY,200 BR,3:06.79,2:53.49,2:40.09,2:33.49,2:26.79,2:20.09
Boys,17,SCY,200 BR,2:44.19,2:32.49,2:20.79,2:14.89,2:09.09,2:03.19
Girls,17,SCY,50 FL,34.79,32.29,29.89,28.59,27.39,26.09
Boys,17,SCY,50 FL,31.19,28.99,26.69,25.59,24.49,23.39
Girls,17,SCY,100 FL,1:14.09,1:08.79,1:03.49,1:00.89,58.19,55.59
Boys,17,SCY,100 FL,1:06.09,1:01.39,56.69,54.29,51.99,49.59
Girls,17,SCY,200 FL,2:45.09,2:33.29,2:21.49,2:15.59,2:09.69,2:03.79
Boys,17,SCY,200 FL,2:28.79,2:18.19,2:07.49,2:02.19,1:56.89,1:51.59
Girls,17,SCY,200 IM,2:46.19,2:34.29,2:22.39,2:16.49,2:10.59,2:04.59
Boys,17,SCY,200 IM,2:29.59,2:18.89,2:08.19,2:02.89,1:57.49,1:52.19
Girls,17,SCY,400 IM,5:54.09,5:28.79,5:03.49,4:50.89,4:38.19,4:25.59
Boys,17,SCY,400 IM,5:21.99,4:58.99,4:35.99,4:24.49,4:12.99,4:01.49
Girls,18,SCY,50 FR,31.49,29.29,26.99,25.89,24.79,23.69
Boys,18,SCY,50 FR,27.59,25.69,23.69,22.69,21.69,20.69
Girls,18,SCY,100 FR,1:08.39,1:03.49,58.59,56.19,53.79,51.29
Boys,18,SCY,100 FR,1:00.69,56.39,51.99,49.89,47.69,45.49
Girls,18,SCY,200 FR,2:28.59,2:17.99,2:07.39,2:02.09,1:56.79,1:51.39
Boys,18,SCY,200 FR,2:14.09,2:04.49,1:54.89,1:50.19,1:45.39,1:40.59
Girls,18,SCY,500 FR,6:38.19,6:09.69,5:41.29,5:27.09,5:12.89,4:58.59
Boys,18,SCY,500 FR,6:04.79,5:38.79,5:12.69,4:59.69,4:46.69,4:33.59
Girls,18,SCY,1000 FR,13:54.39,12:54.79,11:55.19,11:25.39,10:55.59,10:25.79
Boys,18,SCY,1000 FR,12:46.49,11:51.79,10:56.99,10:29.59,10:02.29,9:34.89
Girls,18,SCY,1650 FR,22:55.39,21:17.19,19:38.89,18:49.79,18:00.69,17:11.59
Boys,18,SCY,1650 FR,21:17.49,19:46.29,18:14.99,17:29.39,16:43.79,15:58.19
Girls,18,SCY,50 BK,34.89,32.39,29.89,28.69,27.39,26.19
Boys,18,SCY,50 BK,30.89,28.69,26.49,25.39,24.29,23.19
Girls,18,SCY,100 BK,1:14.39,1:09.09,1:03.79,1:01.09,58.49,55.79
Boys,18,SCY,100 BK,1:05.59,1:00.89,56.19,53.89,51.59,49.19
Girls,18,SCY,200 BK,2:41.79,2:30.19,2:18.69,2:12.89,2:07.09,2:01.39
Boys,18,SCY,200 BK,2:24.39,2:14.09,2:03.79,1:58.59,1:53.49,1:48.29
Girls,18,SCY,50 BR,40.79,37.89,34.99,33.49,31.99,30.59
Boys,18,SCY,50 BR,35.59,33.09,30.59,29.29,27.99,26.69
Girls,18,SCY,100 BR,1:25.19,1:19.09,1:12.99,1:09.99,1:06.89,1:03.89
Boys,18,SCY,100 BR,1:14.89,1:09.59,1:04.19,1:01.59,58.89,56.19
Girls,18,SCY,200 BR,3:04.89,2:51.69,2:38.49,2:31.89,2:25.29,2:18.69
Boys,18,SCY,200 BR,2:42.89,2:31.29,2:19.59,2:13.79,2:07.99,2:02.19
Girls,18,SCY,50 FL,34.89,32.39,29.89,28.69,27.39,26.19
Boys,18,SCY,50 FL,30.89,28.69,26.49,25.39,24.29,23.19
Girls,18,SCY,100 FL,1:13.89,1:08.59,1:03.29,1:00.69,57.99,55.39
Boys,18,SCY,100 FL,1:05.59,1:00.89,56.19,53.89,51.59,49.19
Girls,18,SCY,200 FL,2:43.59,2:31.89,2:20.19,2:14.39,2:08.49,2:02.69
Boys,18,SCY,200 FL,2:27.49,2:16.99,2:06.49,2:01.19,1:55.89,1:50.69
Girls,18,SCY,200 IM,2:46.09,2:34.29,2:22.39,2:16.49,2:10.49,2:04.59
Boys,18,SCY,200 IM,2:27.89,2:17.29,2:06.79,2:01.49,1:56.19,1:50.89
Girls,18,SCY,400 IM,5:53.89,5:28.59,5:03.39,4:50.69,4:38.09,4:25.39
Boys,18,SCY,400 IM,5:19.09,4:56.39,4:33.59,4:22.19,4:10.79,3:59.39
Girls,10,SCM,50 FR,44.09,39.89,35.59,34.19,32.79,31.29
Boys,10,SCM,50 FR,42.39,38.39,34.49,33.19,31.89,30.49
Girls,10,SCM,100 FR,1:40.39,1:29.69,1:18.99,1:15.49,1:11.89,1:08.29
Boys,10,SCM,100 FR,1:37.69,1:27.69,1:17.59,1:14.19,1:10.79,1:07.49
Girls,10,SCM,200 FR,3:43.99,3:19.49,2:54.99,2:46.79,2:38.59,2:30.39
Boys,10,SCM,200 FR,3:29.49,3:08.59,2:47.59,2:40.69,2:33.69,2:26.69
Girls,10,SCM,400 FR,7:32.69,6:47.49,6:02.19,5:47.09,5:31.99,5:16.89
Boys,10,SCM,400 FR,7:21.49,6:37.29,5:53.19,5:38.49,5:23.79,5:08.99
Girls,10,SCM,50 BK,53.69,47.79,41.89,39.99,37.99,36.09
Boys,10,SCM,50 BK,53.59,47.69,41.69,39.69,37.79,35.79
Girls,10,SCM,100 BK,1:56.89,1:43.89,1:30.89,1:26.59,1:22.29,1:17.99
Boys,10,SCM,100 BK,1:51.69,1:39.99,1:28.29,1:24.39,1:20.39,1:16.49
Girls,10,SCM,50 BR,1:00.29,53.79,47.29,45.09,42.99,40.79
Boys,10,SCM,50 BR,59.09,52.79,46.49,44.49,42.39,40.29
Girls,10,SCM,100 BR,2:12.89,1:58.19,1:43.39,1:38.49,1:33.59,1:28.69
Boys,10,SCM,100 BR,2:07.59,1:54.49,1:41.29,1:36.89,1:32.49,1:28.09
Girls,10,SCM,50 FL,53.49,47.19,40.89,38.79,36.69,34.59
Boys,10,SCM,50 FL,51.39,45.59,39.79,37.89,35.99,34.09
Girls,10,SCM,100 FL,2:08.89,1:52.09,1:35.19,1:29.49,1:23.89,1:18.29
Boys,10,SCM,100 FL,2:05.89,1:49.69,1:33.49,1:28.09,1:22.69,1:17.29
Girls,10,SCM,100 IM,1:55.99,1:43.69,1:31.29,1:27.19,1:23.09,1:18.99
Boys,10,SCM,100 IM,1:50.29,1:39.29,1:28.19,1:24.59,1:20.89,1:17.19
Girls,10,SCM,200 IM,4:06.39,3:40.59,3:14.69,3:06.09,2:57.49,2:48.89
Boys,10,SCM,200 IM,4:01.59,3:36.59,3:11.69,3:03.39,2:55.09,2:46.69
Girls,11,SCM,50 FR,39.09,36.39,33.69,32.39,30.99,29.69
Boys,11,SCM,50 FR,38.79,35.99,33.19,31.89,30.49,29.09
Girls,11,SCM,100 FR,1:25.89,1:19.69,1:13.59,1:10.49,1:07.49,1:04.39
Boys,11,SCM,100 FR,1:23.99,1:17.99,1:11.99,1:08.99,1:05.99,1:02.99
Girls,11,SCM,200 FR,3:06.89,2:53.49,2:40.19,2:33.49,2:26.89,2:20.19
Boys,11,SCM,200 FR,3:04.09,2:50.99,2:37.79,2:31.19,2:24.69,2:18.09
Girls,11,SCM,400 FR,6:37.29,6:08.89,5:40.49,5:26.39,5:12.19,4:57.99
Boys,11,SCM,400 FR,6:30.49,6:02.59,5:34.69,5:20.69,5:06.79,4:52.89
Girls,11,SCM,800 FR,13:46.39,12:47.39,11:48.39,11:18.89,10:49.39,10:19.79
Boys,11,SCM,800 FR,13:41.39,12:42.69,11:43.99,11:14.69,10:45.39,10:15.99
Girls,11,SCM,1500 FR,26:35.29,24:41.39,22:47.39,21:50.49,20:53.49,19:56.49
Boys,11,SCM,1500 FR,26:22.59,24:29.49,22:36.49,21:39.99,20:43.49,19:46.99
Girls,11,SCM,50 BK,44.89,41.69,38.49,36.89,35.29,33.69
Boys,11,SCM,50 BK,45.59,42.09,38.59,36.89,35.09,33.39
Girls,11,SCM,100 BK,1:40.19,1:32.29,1:24.39,1:20.49,1:16.49,1:12.59
Boys,11,SCM,100 BK,1:39.19,1:31.39,1:23.59,1:19.69,1:15.79,1:11.89
Girls,11,SCM,200 BK,3:29.69,3:14.69,2:59.69,2:52.19,2:44.69,2:37.29
Boys,11,SCM,200 BK,3:27.29,3:12.49,2:57.69,2:50.29,2:42.89,2:35.49
Girls,11,SCM,50 BR,50.29,46.69,43.09,41.29,39.49,37.69
Boys,11,SCM,50 BR,51.79,47.79,43.69,41.59,39.59,37.59
Girls,11,SCM,100 BR,1:50.79,1:42.69,1:34.49,1:30.39,1:26.29,1:22.19
Boys,11,SCM,100 BR,1:50.79,1:42.39,1:33.89,1:29.69,1:25.39,1:21.19
Girls,11,SCM,200 BR,3:57.99,3:40.99,3:23.99,3:15.49,3:06.99,2:58.49
Boys,11,SCM,200 BR,3:56.69,3:39.79,3:22.89,3:14.49,3:05.99,2:57.49
Girls,11,SCM,50 FL,42.99,39.89,36.79,35.29,33.79,32.19
Boys,11,SCM,50 FL,44.29,40.79,37.19,35.49,33.69,31.89
Girls,11,SCM,100 FL,1:40.29,1:32.29,1:24.29,1:20.29,1:16.29,1:12.29
Boys,11,SCM,100 FL,1:39.99,1:31.69,1:23.49,1:19.39,1:15.29,1:11.19
Girls,11,SCM,200 FL,3:37.09,3:21.59,3:06.09,2:58.29,2:50.59,2:42.79
Boys,11,SCM,200 FL,3:31.89,3:16.79,3:01.59,2:54.09,2:46.49,2:38.89
Girls,11,SCM,100 IM,1:37.99,1:30.99,1:23.99,1:20.49,1:16.99,1:13.49
Boys,11,SCM,100 IM,1:37.29,1:30.19,1:23.19,1:19.59,1:16.09,1:12.49
Girls,11,SCM,200 IM,3:32.99,3:17.79,3:02.59,2:54.99,2:47.39,2:39.79
Boys,11,SCM,200 IM,3:32.89,3:16.89,3:00.89,2:52.89,2:44.89,2:36.89
Girls,11,SCM,400 IM,7:35.39,7:02.89,6:30.39,6:14.09,5:57.79,5:41.59
Boys,11,SCM,400 IM,7:23.69,6:51.99,6:20.29,6:04.49,5:48.59,5:32.79
Girls,12,SCM,50 FR,37.59,34.99,32.39,31.09,29.79,28.49
Boys,12,SCM,50 FR,36.29,33.69,31.09,29.79,28.49,27.19
Girls,12,SCM,100 FR,1:22.59,1:16.69,1:10.79,1:07.79,1:04.89,1:01.89
Boys,12,SCM,100 FR,1:18.99,1:13.39,1:07.69,1:04.89,1:02.09,59.29
Girls,12,SCM,200 FR,3:00.49,2:47.59,2:34.69,2:28.29,2:21.89,2:15.39
Boys,12,SCM,200 FR,2:52.39,2:40.09,2:27.79,2:21.59,2:15.49,2:09.29
Girls,12,SCM,400 FR,6:22.69,5:55.29,5:27.99,5:14.29,5:00.69,4:46.99
Boys,12,SCM,400 FR,6:07.49,5:41.19,5:14.99,5:01.79,4:48.69,4:35.59
Girls,12,SCM,800 FR,13:09.89,12:13.49,11:16.99,10:48.79,10:20.59,9:52.39
Boys,12,SCM,800 FR,12:53.09,11:57.89,11:02.59,10:34.99,10:07.39,9:39.79
Girls,12,SCM,1500 FR,24:58.39,23:11.29,21:24.29,20:30.79,19:37.29,18:43.79
Boys,12,SCM,1500 FR,24:19.79,22:35.49,20:51.29,19:59.09,19:06.99,18:14.89
Girls,12,SCM,50 BK,42.89,39.79,36.79,35.19,33.69,32.19
Boys,12,SCM,50 BK,42.59,39.29,36.09,34.49,32.79,31.19
Girls,12,SCM,100 BK,1:35.69,1:28.19,1:20.59,1:16.89,1:13.09,1:09.29
Boys,12,SCM,100 BK,1:30.79,1:23.69,1:16.49,1:12.89,1:09.39,1:05.79
Girls,12,SCM,200 BK,3:18.99,3:04.79,2:50.59,2:43.49,2:36.39,2:29.29
Boys,12,SCM,200 BK,3:10.99,2:57.39,2:43.69,2:36.89,2:30.09,2:23.29
Girls,12,SCM,50 BR,48.59,45.19,41.69,39.99,38.19,36.49
Boys,12,SCM,50 BR,48.09,44.29,40.49,38.59,36.69,34.89
Girls,12,SCM,100 BR,1:46.59,1:38.69,1:30.89,1:26.89,1:22.99,1:18.99
Boys,12,SCM,100 BR,1:42.29,1:34.49,1:26.69,1:22.79,1:18.89,1:14.99
Girls,12,SCM,200 BR,3:47.49,3:31.19,3:14.99,3:06.89,2:58.69,2:50.59
Boys,12,SCM,200 BR,3:37.09,3:21.59,3:06.09,2:58.29,2:50.59,2:42.79
Girls,12,SCM,50 FL,40.89,37.99,34.99,33.59,32.09,30.69
Boys,12,SCM,50 FL,40.99,37.69,34.49,32.79,31.19,29.59
Girls,12,SCM,100 FL,1:35.09,1:27.49,1:19.89,1:16.09,1:12.29,1:08.49
Boys,12,SCM,100 FL,1:31.59,1:24.09,1:16.49,1:12.79,1:08.99,1:05.29
Girls,12,SCM,200 FL,3:22.59,3:08.19,2:53.69,2:46.49,2:39.19,2:31.99
Boys,12,SCM,200 FL,3:15.29,3:01.29,2:47.39,2:40.39,2:33.39,2:26.49
Girls,12,SCM,100 IM,1:34.19,1:27.49,1:20.79,1:17.39,1:14.09,1:10.69
Boys,12,SCM,100 IM,1:30.49,1:23.89,1:17.29,1:13.99,1:10.69,1:07.49
Girls,12,SCM,200 IM,3:23.29,3:08.79,2:54.19,2:46.99,2:39.69,2:32.49
Boys,12,SCM,200 IM,3:18.09,3:03.19,2:48.29,2:40.89,2:33.39,2:25.99
Girls,12,SCM,400 IM,7:13.49,6:42.49,6:11.59,5:56.09,5:40.59,5:25.09
Boys,12,SCM,400 IM,6:56.99,6:27.19,5:57.49,5:42.59,5:27.69,5:12.79
Girls,13,SCM,50 FR,36.79,34.19,31.59,30.19,28.89,27.59
Boys,13,SCM,50 FR,34.39,31.89,29.49,28.19,26.99,25.79
Girls,13,SCM,100 FR,1:20.09,1:14.39,1:08.69,1:05.79,1:02.89,1:00.09
Boys,13,SCM,100 FR,1:14.59,1:09.29,1:03.99,1:01.29,58.69,55.99
Girls,13,SCM,200 FR,2:54.29,2:41.79,2:29.39,2:23.19,2:16.99,2:10.69
Boys,13,SCM,200 FR,2:43.29,2:31.59,2:19.99,2:14.09,2:08.29,2:02.49
Girls,13,SCM,400 FR,6:07.99,5:41.69,5:15.49,5:02.29,4:49.19,4:35.99
Boys,13,SCM,400 FR,5:48.89,5:23.99,4:58.99,4:46.59,4:34.09,4:21.69
Girls,13,SCM,800 FR,12:46.39,11:51.59,10:56.89,10:29.49,10:02.19,9:34.79
Boys,13,SCM,800 FR,12:01.79,11:10.19,10:18.69,9:52.89,9:27.09,9:01.39
Girls,13,SCM,1500 FR,24:07.99,22:24.59,20:41.19,19:49.49,18:57.79,18:05.99
Boys,13,SCM,1500 FR,22:59.09,21:20.59,19:42.09,18:52.89,18:03.59,17:14.39
Girls,13,SCM,50 BK,41.09,38.19,35.29,33.79,32.29,30.89
Boys,13,SCM,50 BK,39.09,36.39,33.59,32.19,30.79,29.39
Girls,13,SCM,100 BK,1:27.59,1:21.39,1:15.09,1:11.99,1:08.79,1:05.69
Boys,13,SCM,100 BK,1:22.19,1:16.29,1:10.39,1:07.49,1:04.59,1:01.59
Girls,13,SCM,200 BK,3:08.89,2:55.39,2:41.89,2:35.19,2:28.39,2:21.69
Boys,13,SCM,200 BK,2:59.19,2:46.39,2:33.59,2:27.19,2:20.79,2:14.39
Girls,13,SCM,50 BR,47.69,44.29,40.89,39.19,37.49,35.79
Boys,13,SCM,50 BR,44.69,41.59,38.39,36.79,35.19,33.59
Girls,13,SCM,100 BR,1:40.49,1:33.29,1:26.19,1:22.59,1:18.99,1:15.39
Boys,13,SCM,100 BR,1:33.19,1:26.49,1:19.89,1:16.59,1:13.19,1:09.89
Girls,13,SCM,200 BR,3:36.49,3:21.09,3:05.59,2:57.89,2:50.09,2:42.39
Boys,13,SCM,200 BR,3:22.19,3:07.69,2:53.29,2:46.09,2:38.89,2:31.59
Girls,13,SCM,50 FL,40.49,37.69,34.79,33.29,31.89,30.39
Boys,13,SCM,50 FL,38.29,35.59,32.89,31.49,30.09,28.79
Girls,13,SCM,100 FL,1:27.19,1:20.99,1:14.69,1:11.59,1:08.49,1:05.39
Boys,13,SCM,100 FL,1:21.49,1:15.69,1:09.89,1:06.99,1:04.09,1:01.09
Girls,13,SCM,200 FL,3:14.79,3:00.89,2:46.99,2:39.99,2:33.09,2:26.09
Boys,13,SCM,200 FL,3:02.59,2:49.59,2:36.49,2:29.99,2:23.49,2:16.99
Girls,13,SCM,200 IM,3:15.19,3:01.29,2:47.29,2:40.39,2:33.39,2:26.39
Boys,13,SCM,200 IM,3:01.99,2:48.99,2:35.99,2:29.49,2:22.99,2:16.49
Girls,13,SCM,400 IM,6:53.39,6:23.89,5:54.39,5:39.59,5:24.89,5:10.09
Boys,13,SCM,400 IM,6:29.89,6:01.99,5:34.19,5:20.29,5:06.29,4:52.39
Girls,14,SCM,50 FR,36.09,33.49,30.99,29.69,28.39,27.09
Boys,14,SCM,50 FR,32.99,30.69,28.29,27.09,25.89,24.79
Girls,14,SCM,100 FR,1:18.49,1:12.89,1:07.29,1:04.49,1:01.69,58.89
Boys,14,SCM,100 FR,1:11.89,1:06.79,1:01.69,59.09,56.49,53.99
Girls,14,SCM,200 FR,2:49.99,2:37.79,2:25.69,2:19.59,2:13.59,2:07.49
Boys,14,SCM,200 FR,2:37.49,2:26.29,2:14.99,2:09.39,2:03.79,1:58.19
Girls,14,SCM,400 FR,6:00.79,5:34.99,5:09.29,4:56.39,4:43.49,4:30.59
Boys,14,SCM,400 FR,5:37.69,5:13.59,4:49.49,4:37.39,4:25.39,4:13.29
Girls,14,SCM,800 FR,12:25.59,11:32.29,10:39.09,10:12.49,9:45.79,9:19.19
Boys,14,SCM,800 FR,11:41.29,10:51.29,10:01.19,9:36.09,9:11.09,8:45.99
Girls,14,SCM,1500 FR,23:36.69,21:55.49,20:14.29,19:23.69,18:33.09,17:42.59
Boys,14,SCM,1500 FR,22:15.29,20:39.89,19:04.49,18:16.79,17:29.09,16:41.49
Girls,14,SCM,50 BK,40.39,37.49,34.59,33.19,31.79,30.29
Boys,14,SCM,50 BK,37.19,34.59,31.89,30.59,29.19,27.89
Girls,14,SCM,100 BK,1:25.29,1:19.19,1:13.09,1:10.09,1:06.99,1:03.99
Boys,14,SCM,100 BK,1:18.79,1:13.19,1:07.59,1:04.79,1:01.99,59.09
Girls,14,SCM,200 BK,3:05.49,2:52.29,2:38.99,2:32.39,2:25.79,2:19.19
Boys,14,SCM,200 BK,2:51.49,2:39.29,2:26.99,2:20.89,2:14.79,2:08.59
Girls,14,SCM,50 BR,46.49,43.19,39.89,38.19,36.59,34.89
Boys,14,SCM,50 BR,42.59,39.59,36.49,34.99,33.49,31.99
Girls,14,SCM,100 BR,1:38.09,1:31.09,1:24.09,1:20.59,1:17.09,1:13.59
Boys,14,SCM,100 BR,1:29.09,1:22.69,1:16.39,1:13.19,1:09.99,1:06.79
Girls,14,SCM,200 BR,3:31.09,3:15.99,3:00.89,2:53.39,2:45.89,2:38.29
Boys,14,SCM,200 BR,3:13.69,2:59.89,2:46.09,2:39.09,2:32.19,2:25.29
Girls,14,SCM,50 FL,39.79,36.89,34.09,32.69,31.29,29.89
Boys,14,SCM,50 FL,36.59,33.99,31.39,30.09,28.79,27.49
Girls,14,SCM,100 FL,1:24.99,1:18.89,1:12.79,1:09.79,1:06.79,1:03.69
Boys,14,SCM,100 FL,1:17.89,1:12.29,1:06.79,1:03.99,1:01.19,58.39
Girls,14,SCM,200 FL,3:09.39,2:55.89,2:42.29,2:35.59,2:28.79,2:22.09
Boys,14,SCM,200 FL,2:53.29,2:40.99,2:28.59,2:22.39,2:16.19,2:09.99
Girls,14,SCM,200 IM,3:10.69,2:57.09,2:43.39,2:36.59,2:29.79,2:22.99
Boys,14,SCM,200 IM,2:54.59,2:42.09,2:29.59,2:23.39,2:17.19,2:10.89
Girls,14,SCM,400 IM,6:44.59,6:15.69,5:46.79,5:32.39,5:17.89,5:03.49
Boys,14,SCM,400 IM,6:13.19,5:46.49,5:19.89,5:06.49,4:53.19,4:39.89
Girls,15,SCM,50 FR,35.59,33.09,30.59,29.29,27.99,26.69
Boys,15,SCM,50 FR,31.89,29.59,27.29,26.19,25.09,23.89
Girls,15,SCM,100 FR,1:17.49,1:11.99,1:06.39,1:03.69,1:00.89,58.09
Boys,15,SCM,100 FR,1:09.99,1:04.99,59.99,57.49,54.99,52.49
Girls,15,SCM,200 FR,2:47.19,2:35.29,2:23.39,2:17.39,2:11.39,2:05.39
Boys,15,SCM,200 FR,2:32.79,2:21.89,2:10.99,2:05.59,2:00.09,1:54.59
Girls,15,SCM,400 FR,5:57.09,5:31.59,5:06.09,4:53.39,4:40.59,4:27.89
Boys,15,SCM,400 FR,5:29.29,5:05.79,4:42.29,4:30.49,4:18.69,4:06.99
Girls,15,SCM,800 FR,12:14.89,11:22.39,10:29.89,10:03.69,9:37.39,9:11.19
Boys,15,SCM,800 FR,11:25.69,10:36.79,9:47.79,9:23.29,8:58.79,8:34.29
Girls,15,SCM,1500 FR,23:32.39,21:51.49,20:10.69,19:20.19,18:29.79,17:39.29
Boys,15,SCM,1500 FR,21:39.79,20:06.99,18:34.09,17:47.69,17:01.29,16:14.89
Girls,15,SCM,50 BK,39.69,36.89,33.99,32.59,31.19,29.79
Boys,15,SCM,50 BK,36.09,33.49,30.99,29.69,28.39,27.09
Girls,15,SCM,100 BK,1:23.89,1:17.89,1:11.89,1:08.89,1:05.89,1:02.89
Boys,15,SCM,100 BK,1:16.79,1:11.29,1:05.79,1:03.09,1:00.29,57.59
Girls,15,SCM,200 BK,3:02.19,2:49.19,2:36.19,2:29.59,2:23.09,2:16.59
Boys,15,SCM,200 BK,2:47.69,2:35.79,2:23.79,2:17.79,2:11.79,2:05.79
Girls,15,SCM,50 BR,46.29,42.99,39.69,37.99,36.39,34.69
Boys,15,SCM,50 BR,41.39,38.49,35.49,33.99,32.59,31.09
Girls,15,SCM,100 BR,1:36.69,1:29.79,1:22.89,1:19.39,1:15.99,1:12.49
Boys,15,SCM,100 BR,1:26.79,1:20.59,1:14.39,1:11.29,1:08.19,1:05.09
Girls,15,SCM,200 BR,3:27.89,3:13.09,2:58.19,2:50.79,2:43.39,2:35.99
Boys,15,SCM,200 BR,3:09.49,2:55.99,2:42.39,2:35.69,2:28.89,2:22.09
Girls,15,SCM,50 FL,38.99,36.19,33.39,31.99,30.69,29.29
Boys,15,SCM,50 FL,35.79,33.19,30.69,29.39,28.09,26.79
Girls,15,SCM,100 FL,1:23.69,1:17.79,1:11.79,1:08.79,1:05.79,1:02.79
Boys,15,SCM,100 FL,1:15.89,1:10.49,1:05.09,1:02.39,59.69,56.89
Girls,15,SCM,200 FL,3:05.89,2:52.59,2:39.29,2:32.69,2:26.09,2:19.39
Boys,15,SCM,200 FL,2:50.09,2:37.99,2:25.79,2:19.79,2:13.69,2:07.59
Girls,15,SCM,200 IM,3:06.69,2:53.29,2:39.99,2:33.39,2:26.69,2:19.99
Boys,15,SCM,200 IM,2:50.39,2:38.19,2:26.09,2:19.99,2:13.89,2:07.79
Girls,15,SCM,400 IM,6:40.89,6:12.29,5:43.59,5:29.29,5:14.99,5:00.69
Boys,15,SCM,400 IM,6:06.39,5:40.19,5:13.99,5:00.99,4:47.89,4:34.79
Girls,16,SCM,50 FR,35.29,32.79,30.29,28.99,27.79,26.49
Boys,16,SCM,50 FR,31.39,29.19,26.99,25.79,24.69,23.59
Girls,16,SCM,100 FR,1:16.59,1:11.19,1:05.69,1:02.99,1:00.19,57.49
Boys,16,SCM,100 FR,1:08.89,1:03.99,59.09,56.59,54.19,51.69
Girls,16,SCM,200 FR,2:45.09,2:33.29,2:21.49,2:15.59,2:09.69,2:03.79
Boys,16,SCM,200 FR,2:30.59,2:19.79,2:09.09,2:03.69,1:58.29,1:52.99
Girls,16,SCM,400 FR,5:52.29,5:27.19,5:01.99,4:49.39,4:36.79,4:24.29
Boys,16,SCM,400 FR,5:24.09,5:00.99,4:37.79,4:26.29,4:14.69,4:03.09
Girls,16,SCM,800 FR,12:13.39,11:21.09,10:28.69,10:02.49,9:36.29,9:10.09
Boys,16,SCM,800 FR,11:15.29,10:27.09,9:38.89,9:14.79,8:50.59,8:26.49
Girls,16,SCM,1500 FR,23:14.89,21:35.29,19:55.69,19:05.79,18:15.99,17:26.19
Boys,16,SCM,1500 FR,21:18.89,19:47.59,18:16.19,17:30.49,16:44.89,15:59.19
Girls,16,SCM,50 BK,38.99,36.29,33.49,32.09,30.69,29.29
Boys,16,SCM,50 BK,35.19,32.59,30.09,28.89,27.59,26.39
Girls,16,SCM,100 BK,1:22.89,1:16.89,1:10.99,1:08.09,1:05.09,1:02.19
Boys,16,SCM,100 BK,1:14.89,1:09.49,1:04.19,1:01.49,58.89,56.19
Girls,16,SCM,200 BK,2:59.59,2:46.69,2:33.89,2:27.49,2:21.09,2:14.69
Boys,16,SCM,200 BK,2:44.09,2:32.29,2:20.59,2:14.79,2:08.89,2:03.09
Girls,16,SCM,50 BR,45.59,42.39,39.09,37.49,35.89,34.19
Boys,16,SCM,50 BR,40.59,37.69,34.79,33.29,31.89,30.49
Girls,16,SCM,100 BR,1:35.69,1:28.79,1:21.99,1:18.59,1:15.19,1:11.79
Boys,16,SCM,100 BR,1:25.09,1:18.99,1:12.89,1:09.89,1:06.79,1:03.79
Girls,16,SCM,200 BR,3:27.09,3:12.39,2:57.59,2:50.19,2:42.79,2:35.39
Boys,16,SCM,200 BR,3:04.59,2:51.39,2:38.29,2:31.69,2:25.09,2:18.49
Girls,16,SCM,50 FL,38.69,35.99,33.19,31.79,30.39,29.09
Boys,16,SCM,50 FL,35.09,32.59,30.09,28.79,27.59,26.29
Girls,16,SCM,100 FL,1:22.59,1:16.69,1:10.79,1:07.89,1:04.89,1:01.99
Boys,16,SCM,100 FL,1:14.29,1:08.99,1:03.69,1:01.09,58.39,55.79
Girls,16,SCM,200 FL,3:03.79,2:50.69,2:37.59,2:30.99,2:24.49,2:17.89
Boys,16,SCM,200 FL,2:46.59,2:34.69,2:22.79,2:16.79,2:10.89,2:04.89
Girls,16,SCM,200 IM,3:04.89,2:51.69,2:38.49,2:31.89,2:25.29,2:18.69
Boys,16,SCM,200 IM,2:47.19,2:35.19,2:23.29,2:17.29,2:11.39,2:05.39
Girls,16,SCM,400 IM,6:35.79,6:07.49,5:39.29,5:25.09,5:10.99,4:56.89
Boys,16,SCM,400 IM,5:57.89,5:32.39,5:06.79,4:53.99,4:41.19,4:28.49
Girls,17,SCM,50 FR,35.09,32.59,30.09,28.79,27.59,26.29
Boys,17,SCM,50 FR,30.99,28.79,26.59,25.49,24.39,23.29
Girls,17,SCM,100 FR,1:16.09,1:10.69,1:05.19,1:02.49,59.79,57.09
Boys,17,SCM,100 FR,1:07.79,1:02.99,58.19,55.69,53.29,50.89
Girls,17,SCM,200 FR,2:44.59,2:32.79,2:21.09,2:15.19,2:09.29,2:03.39
Boys,17,SCM,200 FR,2:29.59,2:18.89,2:08.19,2:02.89,1:57.49,1:52.19
Girls,17,SCM,400 FR,5:51.49,5:26.39,5:01.29,4:48.69,4:36.19,4:23.59
Boys,17,SCM,400 FR,5:21.39,4:58.49,4:35.49,4:23.99,4:12.49,4:01.09
Girls,17,SCM,800 FR,12:07.09,11:15.19,10:23.29,9:57.29,9:31.29,9:05.39
Boys,17,SCM,800 FR,11:13.19,10:25.09,9:36.99,9:12.99,8:48.89,8:24.89
Girls,17,SCM,1500 FR,23:07.39,21:28.29,19:49.19,18:59.69,18:10.09,17:20.59
Boys,17,SCM,1500 FR,21:17.49,19:46.29,18:14.99,17:29.39,16:43.79,15:58.09
Girls,17,SCM,50 BK,38.89,36.09,33.39,31.99,30.59,29.19
Boys,17,SCM,50 BK,34.49,32.09,29.59,28.39,27.09,25.89
Girls,17,SCM,100 BK,1:22.29,1:16.39,1:10.59,1:07.59,1:04.69,1:01.69
Boys,17,SCM,100 BK,1:13.79,1:08.59,1:03.29,1:00.69,57.99,55.39
Girls,17,SCM,200 BK,2:58.59,2:45.79,2:33.09,2:26.69,2:20.29,2:13.99
Boys,17,SCM,200 BK,2:41.39,2:29.89,2:18.39,2:12.59,2:06.89,2:01.09
Girls,17,SCM,50 BR,45.29,42.09,38.79,37.19,35.59,33.99
Boys,17,SCM,50 BR,39.79,36.89,34.09,32.69,31.29,29.89
Girls,17,SCM,100 BR,1:34.59,1:27.79,1:21.09,1:17.69,1:14.29,1:10.89
Boys,17,SCM,100 BR,1:23.49,1:17.49,1:11.49,1:08.59,1:05.59,1:02.59
Girls,17,SCM,200 BR,3:26.39,3:11.69,2:56.89,2:49.59,2:42.19,2:34.79
Boys,17,SCM,200 BR,3:01.49,2:48.49,2:35.59,2:29.09,2:22.59,2:16.09
Girls,17,SCM,50 FL,38.49,35.69,32.99,31.59,30.19,28.89
Boys,17,SCM,50 FL,34.39,31.99,29.49,28.29,27.09,25.79
Girls,17,SCM,100 FL,1:21.89,1:15.99,1:10.19,1:07.29,1:04.39,1:01.39
Boys,17,SCM,100 FL,1:13.09,1:07.89,1:02.69,1:00.09,57.39,54.79
Girls,17,SCM,200 FL,3:02.39,2:49.39,2:36.29,2:29.79,2:23.29,2:16.79
Boys,17,SCM,200 FL,2:44.39,2:32.69,2:20.89,2:15.09,2:09.19,2:03.29
Girls,17,SCM,200 IM,3:03.59,2:50.49,2:37.39,2:30.79,2:24.29,2:17.69
Boys,17,SCM,200 IM,2:45.29,2:33.49,2:21.69,2:15.79,2:09.89,2:03.99
Girls,17,SCM,400 IM,6:31.29,6:03.29,5:35.39,5:21.39,5:07.39,4:53.49
Boys,17,SCM,400 IM,5:55.79,5:30.39,5:04.99,4:52.19,4:39.49,4:26.79
Girls,18,SCM,50 FR,34.79,32.29,29.89,28.59,27.39,26.09
Boys,18,SCM,50 FR,30.49,28.29,26.19,25.09,23.99,22.89
Girls,18,SCM,100 FR,1:15.59,1:10.19,1:04.79,1:02.09,59.39,56.69
Boys,18,SCM,100 FR,1:07.09,1:02.29,57.49,55.09,52.69,50.29
Girls,18,SCM,200 FR,2:44.19,2:32.49,2:20.69,2:14.89,2:08.99,2:03.09
Boys,18,SCM,200 FR,2:28.19,2:17.59,2:06.99,2:01.69,1:56.39,1:51.09
Girls,18,SCM,400 FR,5:48.39,5:23.49,4:58.59,4:46.19,4:33.79,4:21.29
Boys,18,SCM,400 FR,5:19.19,4:56.39,4:33.59,4:22.19,4:10.79,3:59.39
Girls,18,SCM,800 FR,12:10.09,11:17.89,10:25.79,9:59.69,9:33.59,9:07.59
Boys,18,SCM,800 FR,11:10.69,10:22.79,9:34.89,9:10.89,8:46.99,8:22.99
Girls,18,SCM,1500 FR,22:47.19,21:09.49,19:31.89,18:43.09,17:54.19,17:05.39
Boys,18,SCM,1500 FR,21:09.89,19:39.19,18:08.49,17:23.09,16:37.79,15:52.39
Girls,18,SCM,50 BK,38.59,35.79,33.09,31.69,30.29,28.89
Boys,18,SCM,50 BK,34.09,31.69,29.29,27.99,26.79,25.59
Girls,18,SCM,100 BK,1:22.19,1:16.39,1:10.49,1:07.59,1:04.59,1:01.69
Boys,18,SCM,100 BK,1:12.49,1:07.29,1:02.09,59.59,56.99,54.39
Girls,18,SCM,200 BK,2:58.79,2:45.99,2:33.19,2:26.89,2:20.49,2:14.09
Boys,18,SCM,200 BK,2:39.49,2:28.09,2:16.69,2:11.09,2:05.39,1:59.69
Girls,18,SCM,50 BR,44.99,41.79,38.59,36.99,35.39,33.79
Boys,18,SCM,50 BR,39.39,36.59,33.79,32.39,30.99,29.49
Girls,18,SCM,100 BR,1:34.09,1:27.39,1:20.69,1:17.29,1:13.99,1:10.59
Boys,18,SCM,100 BR,1:22.79,1:16.89,1:10.99,1:07.99,1:05.09,1:02.09
Girls,18,SCM,200 BR,3:24.29,3:09.79,2:55.19,2:47.89,2:40.59,2:33.29
Boys,18,SCM,200 BR,2:59.99,2:47.09,2:34.29,2:27.89,2:21.39,2:14.99
Girls,18,SCM,50 FL,38.59,35.79,33.09,31.69,30.29,28.89
Boys,18,SCM,50 FL,34.09,31.69,29.19,27.99,26.79,25.59
Girls,18,SCM,100 FL,1:21.59,1:15.79,1:09.99,1:07.09,1:04.09,1:01.19
Boys,18,SCM,100 FL,1:12.49,1:07.29,1:02.09,59.59,56.99,54.39
Girls,18,SCM,200 FL,3:00.69,2:47.79,2:34.89,2:28.49,2:21.99,2:15.59
Boys,18,SCM,200 FL,2:42.99,2:31.39,2:19.69,2:13.89,2:08.09,2:02.29
Girls,18,SCM,200 IM,3:03.59,2:50.49,2:37.39,2:30.79,2:24.19,2:17.69
Boys,18,SCM,200 IM,2:43.39,2:31.69,2:20.09,2:14.19,2:08.39,2:02.59
Girls,18,SCM,400 IM,6:31.09,6:03.09,5:35.19,5:21.19,5:07.29,4:53.29
Boys,18,SCM,400 IM,5:52.59,5:27.49,5:02.29,4:49.69,4:37.09,4:24.49
Girls,10,LCM,50 FR,45.39,40.99,36.59,35.09,33.69,32.19
Boys,10,LCM,50 FR,43.89,39.79,35.69,34.39,32.99,31.69
Girls,10,LCM,100 FR,1:44.19,1:33.09,1:21.99,1:18.29,1:14.59,1:10.89
Boys,10,LCM,100 FR,1:41.09,1:30.69,1:20.19,1:16.79,1:13.29,1:09.79
Girls,10,LCM,200 FR,3:50.99,3:25.69,3:00.39,2:51.99,2:43.49,2:35.09
Boys,10,LCM,200 FR,3:37.09,3:15.39,2:53.69,2:46.39,2:39.19,2:31.99
Girls,10,LCM,400 FR,7:49.09,7:02.19,6:15.29,5:59.69,5:43.99,5:28.39
Boys,10,LCM,400 FR,7:38.99,6:53.09,6:07.19,5:51.89,5:36.59,5:21.29
Girls,10,LCM,50 BK,55.79,49.69,43.59,41.59,39.49,37.49
Boys,10,LCM,50 BK,55.39,49.29,43.09,41.09,38.99,36.99
Girls,10,LCM,100 BK,2:01.99,1:48.49,1:34.99,1:30.39,1:25.89,1:21.39
Boys,10,LCM,100 BK,1:56.69,1:44.49,1:32.29,1:28.19,1:24.09,1:19.99
Girls,10,LCM,50 BR,1:02.19,55.49,48.79,46.49,44.29,42.09
Boys,10,LCM,50 BR,1:00.89,54.39,47.89,45.79,43.59,41.49
Girls,10,LCM,100 BR,2:19.49,2:03.99,1:48.49,1:43.39,1:38.19,1:33.09
Boys,10,LCM,100 BR,2:13.09,1:59.39,1:45.59,1:41.09,1:36.49,1:31.89
Girls,10,LCM,50 FL,54.49,48.09,41.59,39.49,37.29,35.19
Boys,10,LCM,50 FL,52.29,46.39,40.59,38.59,36.59,34.69
Girls,10,LCM,100 FL,2:13.39,1:55.89,1:38.49,1:32.59,1:26.79,1:20.99
Boys,10,LCM,100 FL,2:09.59,1:52.89,1:36.29,1:30.69,1:25.19,1:19.59
Girls,10,LCM,200 IM,4:16.19,3:49.29,3:22.39,3:13.49,3:04.49,2:55.59
Boys,10,LCM,200 IM,4:09.89,3:44.09,3:18.29,3:09.69,3:01.09,2:52.49
Girls,11,LCM,50 FR,40.39,37.59,34.79,33.39,31.99,30.59
Boys,11,LCM,50 FR,39.89,37.09,34.19,32.79,31.39,29.89
Girls,11,LCM,100 FR,1:29.19,1:22.79,1:16.49,1:13.29,1:10.09,1:06.89
Boys,11,LCM,100 FR,1:27.79,1:21.49,1:15.29,1:12.09,1:08.99,1:05.89
Girls,11,LCM,200 FR,3:12.99,2:59.19,2:45.39,2:38.49,2:31.69,2:24.79
Boys,11,LCM,200 FR,3:09.79,2:56.19,2:42.69,2:35.89,2:29.09,2:22.39
Girls,11,LCM,400 FR,6:48.69,6:19.49,5:50.29,5:35.79,5:21.19,5:06.59
Boys,11,LCM,400 FR,6:41.79,6:13.09,5:44.39,5:29.99,5:15.69,5:01.29
Girls,11,LCM,800 FR,14:28.29,13:26.29,12:24.29,11:53.29,11:22.29,10:51.19
Boys,11,LCM,800 FR,14:06.69,13:06.19,12:05.79,11:35.49,11:05.29,10:34.99
Girls,11,LCM,1500 FR,27:57.39,25:57.59,23:57.79,22:57.89,21:57.99,20:57.99
Boys,11,LCM,1500 FR,27:24.39,25:26.89,23:29.49,22:30.79,21:31.99,20:33.29
Girls,11,LCM,50 BK,46.79,43.49,40.09,38.49,36.79,35.09
Boys,11,LCM,50 BK,47.59,43.99,40.29,38.49,36.69,34.89
Girls,11,LCM,100 BK,1:45.79,1:37.49,1:29.19,1:24.99,1:20.79,1:16.69
Boys,11,LCM,100 BK,1:44.69,1:36.49,1:28.19,1:24.09,1:19.99,1:15.89
Girls,11,LCM,200 BK,3:40.49,3:24.79,3:08.99,3:01.19,2:53.29,2:45.39
Boys,11,LCM,200 BK,3:36.99,3:21.49,3:05.99,2:58.19,2:50.49,2:42.69
Girls,11,LCM,50 BR,52.29,48.59,44.89,42.99,41.09,39.29
Boys,11,LCM,50 BR,53.39,49.19,44.99,42.89,40.79,38.69
Girls,11,LCM,100 BR,1:55.89,1:47.29,1:38.79,1:34.49,1:30.19,1:25.89
Boys,11,LCM,100 BR,1:57.19,1:48.19,1:39.29,1:34.79,1:30.29,1:25.89
Girls,11,LCM,200 BR,4:08.29,3:50.59,3:32.79,3:23.99,3:15.09,3:06.19
Boys,11,LCM,200 BR,4:07.69,3:49.99,3:32.29,3:23.39,3:14.59,3:05.79
Girls,11,LCM,50 FL,43.59,40.49,37.39,35.89,34.29,32.69
Boys,11,LCM,50 FL,45.29,41.59,37.99,36.19,34.39,32.59
Girls,11,LCM,100 FL,1:43.39,1:35.09,1:26.89,1:22.69,1:18.59,1:14.49
Boys,11,LCM,100 FL,1:43.49,1:34.99,1:26.49,1:22.19,1:17.99,1:13.69
Girls,11,LCM,200 FL,3:46.89,3:30.69,3:14.49,3:06.39,2:58.29,2:50.19
Boys,11,LCM,200 FL,3:41.29,3:25.49,3:09.69,3:01.79,2:53.89,2:45.99
Girls,11,LCM,200 IM,3:40.59,3:24.89,3:09.09,3:01.19,2:53.29,2:45.49
Boys,11,LCM,200 IM,3:40.69,3:24.09,3:07.49,2:59.19,2:50.89,2:42.59
Girls,11,LCM,400 IM,7:55.89,7:21.99,6:47.99,6:30.99,6:13.99,5:56.99
Boys,11,LCM,400 IM,7:46.59,7:13.29,6:39.99,6:23.29,6:06.59,5:49.99
Girls,12,LCM,50 FR,38.69,35.99,33.39,31.99,30.69,29.29
Boys,12,LCM,50 FR,37.39,34.79,32.09,30.79,29.39,28.09
Girls,12,LCM,100 FR,1:25.69,1:19.59,1:13.49,1:10.39,1:07.29,1:04.29
Boys,12,LCM,100 FR,1:22.09,1:16.19,1:10.39,1:07.49,1:04.49,1:01.59
Girls,12,LCM,200 FR,3:06.79,2:53.49,2:40.09,2:33.49,2:26.79,2:20.09
Boys,12,LCM,200 FR,2:59.19,2:46.39,2:33.59,2:27.19,2:20.79,2:14.39
Girls,12,LCM,400 FR,6:32.89,6:04.79,5:36.79,5:22.79,5:08.69,4:54.69
Boys,12,LCM,400 FR,6:21.19,5:53.99,5:26.69,5:13.09,4:59.49,4:45.89
Girls,12,LCM,800 FR,13:42.39,12:43.69,11:44.89,11:15.59,10:46.19,10:16.79
Boys,12,LCM,800 FR,13:22.49,12:25.19,11:27.89,10:59.19,10:30.59,10:01.89
Girls,12,LCM,1500 FR,26:13.99,24:21.59,22:29.19,21:32.89,20:36.69,19:40.49
Boys,12,LCM,1500 FR,25:51.79,24:00.99,22:10.19,21:14.69,20:19.29,19:23.89
Girls,12,LCM,50 BK,44.89,41.69,38.49,36.89,35.29,33.69
Boys,12,LCM,50 BK,44.59,41.19,37.79,36.09,34.39,32.69
Girls,12,LCM,100 BK,1:40.59,1:32.69,1:24.79,1:20.79,1:16.89,1:12.89
Boys,12,LCM,100 BK,1:37.19,1:29.59,1:21.89,1:18.09,1:14.29,1:10.39
Girls,12,LCM,200 BK,3:28.19,3:13.29,2:58.39,2:50.99,2:43.59,2:36.09
Boys,12,LCM,200 BK,3:22.99,3:08.49,2:53.99,2:46.69,2:39.49,2:32.19
Girls,12,LCM,50 BR,49.79,46.19,42.69,40.89,39.09,37.39
Boys,12,LCM,50 BR,49.79,45.89,41.99,39.99,38.09,36.09
Girls,12,LCM,100 BR,1:50.39,1:42.19,1:33.99,1:29.99,1:25.89,1:21.79
Boys,12,LCM,100 BR,1:47.79,1:39.59,1:31.29,1:27.19,1:23.09,1:18.99
Girls,12,LCM,200 BR,3:57.29,3:40.29,3:23.39,3:14.89,3:06.39,2:57.99
Boys,12,LCM,200 BR,3:47.89,3:31.59,3:15.39,3:07.19,2:59.09,2:50.99
Girls,12,LCM,50 FL,41.79,38.79,35.79,34.29,32.89,31.39
Boys,12,LCM,50 FL,41.99,38.69,35.29,33.59,31.99,30.29
Girls,12,LCM,100 FL,1:38.39,1:30.59,1:22.69,1:18.79,1:14.79,1:10.89
Boys,12,LCM,100 FL,1:35.09,1:27.29,1:19.49,1:15.59,1:11.69,1:07.79
Girls,12,LCM,200 FL,3:31.09,3:15.99,3:00.89,2:53.39,2:45.89,2:38.29
Boys,12,LCM,200 FL,3:25.49,3:10.79,2:56.09,2:48.79,2:41.49,2:34.09
Girls,12,LCM,200 IM,3:30.79,3:15.79,3:00.69,2:53.19,2:45.59,2:38.09
Boys,12,LCM,200 IM,3:24.99,3:09.59,2:54.19,2:46.49,2:38.79,2:31.09
Girls,12,LCM,400 IM,7:28.89,6:56.79,6:24.79,6:08.69,5:52.69,5:36.69
Boys,12,LCM,400 IM,7:17.89,6:46.59,6:15.39,5:59.69,5:44.09,5:28.39
Girls,13,LCM,50 FR,38.09,35.39,32.59,31.29,29.89,28.59
Boys,13,LCM,50 FR,35.69,33.09,30.59,29.29,27.99,26.79
Girls,13,LCM,100 FR,1:22.79,1:16.89,1:10.99,1:07.99,1:04.99,1:02.09
Boys,13,LCM,100 FR,1:18.19,1:12.59,1:07.09,1:04.29,1:01.49,58.69
Girls,13,LCM,200 FR,3:00.39,2:47.59,2:34.69,2:28.19,2:21.79,2:15.29
Boys,13,LCM,200 FR,2:49.99,2:37.89,2:25.69,2:19.69,2:13.59,2:07.49
Girls,13,LCM,400 FR,6:19.09,5:52.09,5:24.99,5:11.39,4:57.89,4:44.39
Boys,13,LCM,400 FR,5:59.89,5:34.19,5:08.49,4:55.69,4:42.79,4:29.99
Girls,13,LCM,800 FR,13:05.99,12:09.89,11:13.79,10:45.69,10:17.59,9:49.49
Boys,13,LCM,800 FR,12:31.29,11:37.69,10:43.99,10:17.19,9:50.29,9:23.49
Girls,13,LCM,1500 FR,25:08.99,23:21.19,21:33.39,20:39.49,19:45.59,18:51.69
Boys,13,LCM,1500 FR,23:58.89,22:16.19,20:33.39,19:41.99,18:50.59,17:59.19
Girls,13,LCM,50 BK,43.79,40.59,37.49,35.99,34.39,32.79
Boys,13,LCM,50 BK,41.19,38.29,35.39,33.89,32.39,30.89
Girls,13,LCM,100 BK,1:32.59,1:25.99,1:19.39,1:16.09,1:12.79,1:09.39
Boys,13,LCM,100 BK,1:27.39,1:21.09,1:14.89,1:11.79,1:08.69,1:05.59
Girls,13,LCM,200 BK,3:19.79,3:05.49,2:51.19,2:44.09,2:36.99,2:29.79
Boys,13,LCM,200 BK,3:09.79,2:56.19,2:42.69,2:35.89,2:29.09,2:22.39
Girls,13,LCM,50 BR,49.09,45.59,42.09,40.29,38.59,36.79
Boys,13,LCM,50 BR,45.89,42.59,39.39,37.69,36.09,34.49
Girls,13,LCM,100 BR,1:44.69,1:37.29,1:29.79,1:25.99,1:22.29,1:18.59
Boys,13,LCM,100 BR,1:37.19,1:30.29,1:23.29,1:19.89,1:16.39,1:12.89
Girls,13,LCM,200 BR,3:45.79,3:29.69,3:13.49,3:05.49,2:57.39,2:49.29
Boys,13,LCM,200 BR,3:33.39,3:18.09,3:02.89,2:55.29,2:47.69,2:39.99
Girls,13,LCM,50 FL,41.19,38.29,35.29,33.89,32.39,30.89
Boys,13,LCM,50 FL,38.99,36.29,33.49,32.09,30.69,29.29
Girls,13,LCM,100 FL,1:29.89,1:23.49,1:16.99,1:13.79,1:10.59,1:07.39
Boys,13,LCM,100 FL,1:24.09,1:18.09,1:12.09,1:09.09,1:06.09,1:03.09
Girls,13,LCM,200 FL,3:21.29,3:06.89,2:52.59,2:45.39,2:38.19,2:30.99
Boys,13,LCM,200 FL,3:08.89,2:55.49,2:41.99,2:35.19,2:28.49,2:21.69
Girls,13,LCM,200 IM,3:22.39,3:07.89,2:53.49,2:46.19,2:38.99,2:31.79
Boys,13,LCM,200 IM,3:10.39,2:56.79,2:43.19,2:36.39,2:29.59,2:22.79
Girls,13,LCM,400 IM,7:09.89,6:39.19,6:08.49,5:53.09,5:37.79,5:22.39
Boys,13,LCM,400 IM,6:46.69,6:17.69,5:48.59,5:34.09,5:19.59,5:04.99
Girls,14,LCM,50 FR,37.39,34.69,31.99,30.69,29.39,27.99
Boys,14,LCM,50 FR,34.29,31.79,29.39,28.19,26.89,25.69
Girls,14,LCM,100 FR,1:21.19,1:15.39,1:09.59,1:06.69,1:03.79,1:00.89
Boys,14,LCM,100 FR,1:15.09,1:09.79,1:04.39,1:01.69,58.99,56.39
Girls,14,LCM,200 FR,2:55.49,2:42.99,2:30.39,2:24.19,2:17.89,2:11.59
Boys,14,LCM,200 FR,2:43.99,2:32.29,2:20.59,2:14.69,2:08.89,2:02.99
Girls,14,LCM,400 FR,6:08.89,5:42.49,5:16.19,5:02.99,4:49.79,4:36.69
Boys,14,LCM,400 FR,5:49.89,5:24.89,4:59.89,4:47.49,4:34.99,4:22.49
Girls,14,LCM,800 FR,12:46.09,11:51.39,10:56.69,10:29.29,10:01.99,9:34.59
Boys,14,LCM,800 FR,12:04.89,11:13.09,10:21.39,9:55.49,9:29.59,9:03.69
Girls,14,LCM,1500 FR,24:32.59,22:47.39,21:02.19,20:09.59,19:17.09,18:24.49
Boys,14,LCM,1500 FR,23:11.39,21:31.99,19:52.59,19:02.89,18:13.19,17:23.49
Girls,14,LCM,50 BK,42.69,39.69,36.59,35.09,33.59,31.99
Boys,14,LCM,50 BK,39.49,36.69,33.89,32.49,31.09,29.69
Girls,14,LCM,100 BK,1:29.99,1:23.59,1:17.09,1:13.89,1:10.69,1:07.49
Boys,14,LCM,100 BK,1:23.69,1:17.69,1:11.69,1:08.69,1:05.79,1:02.79
Girls,14,LCM,200 BK,3:13.99,3:00.09,2:46.29,2:39.29,2:32.39,2:25.49
Boys,14,LCM,200 BK,3:01.99,2:48.99,2:35.99,2:29.49,2:22.99,2:16.49
Girls,14,LCM,50 BR,47.89,44.49,41.09,39.39,37.59,35.89
Boys,14,LCM,50 BR,44.09,40.99,37.79,36.29,34.69,33.09
Girls,14,LCM,100 BR,1:42.39,1:35.09,1:27.79,1:24.19,1:20.49,1:16.79
Boys,14,LCM,100 BR,1:33.99,1:27.29,1:20.59,1:17.19,1:13.89,1:10.49
Girls,14,LCM,200 BR,3:40.79,3:25.09,3:09.29,3:01.39,2:53.49,2:45.59
Boys,14,LCM,200 BR,3:23.89,3:09.39,2:54.79,2:47.49,2:40.19,2:32.99
Girls,14,LCM,50 FL,39.99,37.09,34.29,32.79,31.39,29.99
Boys,14,LCM,50 FL,37.29,34.59,31.99,30.59,29.29,27.99
Girls,14,LCM,100 FL,1:27.39,1:21.19,1:14.99,1:11.79,1:08.69,1:05.59
Boys,14,LCM,100 FL,1:20.29,1:14.59,1:08.89,1:05.99,1:03.09,1:00.29
Girls,14,LCM,200 FL,3:16.79,3:02.79,2:48.69,2:41.69,2:34.59,2:27.59
Boys,14,LCM,200 FL,3:00.09,2:47.19,2:34.39,2:27.89,2:21.49,2:15.09
Girls,14,LCM,200 IM,3:17.39,3:03.29,2:49.19,2:42.09,2:35.09,2:28.09
Boys,14,LCM,200 IM,3:02.99,2:49.89,2:36.89,2:30.29,2:23.79,2:17.29
Girls,14,LCM,400 IM,6:58.49,6:28.59,5:58.69,5:43.79,5:28.79,5:13.89
Boys,14,LCM,400 IM,6:31.39,6:03.39,5:35.49,5:21.49,5:07.49,4:53.49
Girls,15,LCM,50 FR,36.79,34.19,31.59,30.29,28.99,27.59
Boys,15,LCM,50 FR,33.29,30.99,28.59,27.39,26.19,24.99
Girls,15,LCM,100 FR,1:19.49,1:13.79,1:08.19,1:05.29,1:02.49,59.69
Boys,15,LCM,100 FR,1:12.69,1:07.49,1:02.29,59.69,57.09,54.49
Girls,15,LCM,200 FR,2:52.49,2:40.19,2:27.79,2:21.69,2:15.49,2:09.39
Boys,15,LCM,200 FR,2:39.99,2:28.59,2:17.19,2:11.49,2:05.79,1:59.99
Girls,15,LCM,400 FR,6:02.89,5:36.99,5:11.09,4:58.09,4:45.19,4:32.19
Boys,15,LCM,400 FR,5:40.79,5:16.39,4:52.09,4:39.89,4:27.79,4:15.59
Girls,15,LCM,800 FR,12:27.79,11:34.29,10:40.89,10:14.19,9:47.49,9:20.79
Boys,15,LCM,800 FR,11:44.59,10:54.29,10:03.89,9:38.79,9:13.59,8:48.49
Girls,15,LCM,1500 FR,23:51.99,22:09.69,20:27.49,19:36.29,18:45.19,17:53.99
Boys,15,LCM,1500 FR,22:38.89,21:01.79,19:24.79,18:36.29,17:47.69,16:59.19
Girls,15,LCM,50 BK,42.29,39.29,36.29,34.79,33.29,31.79
Boys,15,LCM,50 BK,38.69,35.89,33.19,31.79,30.39,28.99
Girls,15,LCM,100 BK,1:28.29,1:21.99,1:15.69,1:12.59,1:09.39,1:06.29
Boys,15,LCM,100 BK,1:21.19,1:15.39,1:09.59,1:06.69,1:03.79,1:00.89
Girls,15,LCM,200 BK,3:09.89,2:56.39,2:42.79,2:35.99,2:29.19,2:22.49
Boys,15,LCM,200 BK,2:56.19,2:43.69,2:31.09,2:24.79,2:18.49,2:12.19
Girls,15,LCM,50 BR,47.09,43.69,40.29,38.69,36.99,35.29
Boys,15,LCM,50 BR,42.59,39.59,36.49,34.99,33.49,31.99
Girls,15,LCM,100 BR,1:40.19,1:32.99,1:25.89,1:22.29,1:18.69,1:15.09
Boys,15,LCM,100 BR,1:31.39,1:24.89,1:18.39,1:15.09,1:11.79,1:08.59
Girls,15,LCM,200 BR,3:36.79,3:21.29,3:05.79,2:58.09,2:50.29,2:42.59
Boys,15,LCM,200 BR,3:19.89,3:05.69,2:51.39,2:44.19,2:37.09,2:29.99
Girls,15,LCM,50 FL,39.79,36.99,34.09,32.69,31.29,29.89
Boys,15,LCM,50 FL,36.49,33.89,31.29,29.99,28.69,27.39
Girls,15,LCM,100 FL,1:25.79,1:19.59,1:13.49,1:10.49,1:07.39,1:04.29
Boys,15,LCM,100 FL,1:18.59,1:12.89,1:07.29,1:04.49,1:01.69,58.89
Girls,15,LCM,200 FL,3:10.89,2:57.29,2:43.59,2:36.79,2:29.99,2:23.19
Boys,15,LCM,200 FL,2:55.69,2:43.09,2:30.59,2:24.29,2:17.99,2:11.79
Girls,15,LCM,200 IM,3:14.49,3:00.59,2:46.69,2:39.79,2:32.79,2:25.89
Boys,15,LCM,200 IM,2:58.79,2:45.99,2:33.19,2:26.89,2:20.49,2:14.09
Girls,15,LCM,400 IM,6:53.99,6:24.39,5:54.89,5:40.09,5:25.29,5:10.49
Boys,15,LCM,400 IM,6:24.19,5:56.69,5:29.29,5:15.59,5:01.89,4:48.19
Girls,16,LCM,50 FR,36.39,33.79,31.19,29.89,28.59,27.29
Boys,16,LCM,50 FR,32.99,30.59,28.29,27.09,25.89,24.79
Girls,16,LCM,100 FR,1:18.49,1:12.89,1:07.29,1:04.49,1:01.69,58.89
Boys,16,LCM,100 FR,1:11.89,1:06.69,1:01.59,58.99,56.49,53.89
Girls,16,LCM,200 FR,2:49.49,2:37.39,2:25.29,2:19.29,2:13.19,2:07.09
Boys,16,LCM,200 FR,2:37.29,2:25.99,2:14.79,2:09.19,2:03.59,1:57.99
Girls,16,LCM,400 FR,5:58.99,5:33.29,5:07.69,4:54.89,4:42.09,4:29.29
Boys,16,LCM,400 FR,5:35.59,5:11.59,4:47.59,4:35.69,4:23.69,4:11.69
Girls,16,LCM,800 FR,12:21.19,11:28.29,10:35.29,10:08.89,9:42.39,9:15.89
Boys,16,LCM,800 FR,11:35.49,10:45.79,9:56.19,9:31.29,9:06.49,8:41.69
Girls,16,LCM,1500 FR,23:45.29,22:03.49,20:21.69,19:30.79,18:39.89,17:48.99
Boys,16,LCM,1500 FR,22:18.39,20:42.79,19:07.19,18:19.39,17:31.59,16:43.79
Girls,16,LCM,50 BK,41.29,38.39,35.39,33.99,32.49,30.99
Boys,16,LCM,50 BK,37.89,35.19,32.49,31.09,29.79,28.39
Girls,16,LCM,100 BK,1:27.49,1:21.19,1:14.99,1:11.89,1:08.79,1:05.59
Boys,16,LCM,100 BK,1:19.49,1:13.79,1:08.09,1:05.29,1:02.49,59.59
Girls,16,LCM,200 BK,3:07.89,2:54.49,2:40.99,2:34.29,2:27.59,2:20.89
Boys,16,LCM,200 BK,2:52.29,2:39.99,2:27.69,2:21.49,2:15.39,2:09.19
Girls,16,LCM,50 BR,46.89,43.49,40.19,38.49,36.79,35.19
Boys,16,LCM,50 BR,41.89,38.89,35.89,34.39,32.89,31.49
Girls,16,LCM,100 BR,1:39.19,1:32.09,1:25.09,1:21.49,1:17.99,1:14.39
Boys,16,LCM,100 BR,1:29.89,1:23.49,1:16.99,1:13.79,1:10.59,1:07.39
Girls,16,LCM,200 BR,3:32.79,3:17.59,3:02.39,2:54.79,2:47.19,2:39.59
Boys,16,LCM,200 BR,3:15.39,3:01.39,2:47.49,2:40.49,2:33.49,2:26.49
Girls,16,LCM,50 FL,39.09,36.39,33.59,32.19,30.79,29.39
Boys,16,LCM,50 FL,35.89,33.29,30.79,29.49,28.19,26.89
Girls,16,LCM,100 FL,1:24.39,1:18.39,1:12.39,1:09.29,1:06.29,1:03.29
Boys,16,LCM,100 FL,1:16.99,1:11.49,1:05.99,1:03.19,1:00.49,57.79
Girls,16,LCM,200 FL,3:08.19,2:54.69,2:41.29,2:34.59,2:27.89,2:21.09
Boys,16,LCM,200 FL,2:52.29,2:39.99,2:27.69,2:21.59,2:15.39,2:09.19
Girls,16,LCM,200 IM,3:11.69,2:58.09,2:44.39,2:37.49,2:30.69,2:23.79
Boys,16,LCM,200 IM,2:56.49,2:43.89,2:31.29,2:24.99,2:18.69,2:12.39
Girls,16,LCM,400 IM,6:47.99,6:18.79,5:49.69,5:35.09,5:20.59,5:05.99
Boys,16,LCM,400 IM,6:16.19,5:49.29,5:22.39,5:08.99,4:55.59,4:42.09
Girls,17,LCM,50 FR,36.09,33.59,30.99,29.69,28.39,27.09
Boys,17,LCM,50 FR,32.49,30.19,27.79,26.69,25.49,24.39
Girls,17,LCM,100 FR,1:18.29,1:12.69,1:07.09,1:04.29,1:01.49,58.69
Boys,17,LCM,100 FR,1:10.69,1:05.69,1:00.59,58.09,55.59,52.99
Girls,17,LCM,200 FR,2:49.39,2:37.29,2:25.19,2:19.19,2:13.09,2:07.09
Boys,17,LCM,200 FR,2:35.49,2:24.39,2:13.29,2:07.69,2:02.19,1:56.59
Girls,17,LCM,400 FR,5:57.79,5:32.19,5:06.69,4:53.89,4:41.09,4:28.29
Boys,17,LCM,400 FR,5:31.59,5:07.89,4:44.29,4:32.39,4:20.59,4:08.69
Girls,17,LCM,800 FR,12:21.29,11:28.39,10:35.39,10:08.99,9:42.49,9:15.99
Boys,17,LCM,800 FR,11:29.19,10:39.99,9:50.79,9:26.19,9:01.49,8:36.89
Girls,17,LCM,1500 FR,23:33.89,21:52.89,20:11.89,19:21.39,18:30.89,17:40.39
Boys,17,LCM,1500 FR,22:02.49,20:27.99,18:53.59,18:06.39,17:19.09,16:31.89
Girls,17,LCM,50 BK,41.39,38.39,35.49,33.99,32.49,31.09
Boys,17,LCM,50 BK,37.39,34.69,31.99,30.69,29.39,27.99
Girls,17,LCM,100 BK,1:27.09,1:20.89,1:14.59,1:11.49,1:08.39,1:05.29
Boys,17,LCM,100 BK,1:18.69,1:13.09,1:07.49,1:04.69,1:01.89,59.09
Girls,17,LCM,200 BK,3:08.69,2:55.19,2:41.69,2:34.99,2:28.19,2:21.49
Boys,17,LCM,200 BK,2:51.59,2:39.29,2:27.09,2:20.99,2:14.79,2:08.69
Girls,17,LCM,50 BR,46.29,42.99,39.69,37.99,36.39,34.69
Boys,17,LCM,50 BR,40.89,37.99,34.99,33.59,32.09,30.69
Girls,17,LCM,100 BR,1:38.29,1:31.29,1:24.19,1:20.69,1:17.19,1:13.69
Boys,17,LCM,100 BR,1:28.09,1:21.79,1:15.49,1:12.39,1:09.19,1:06.09
Girls,17,LCM,200 BR,3:33.09,3:17.89,3:02.59,2:54.99,2:47.39,2:39.79
Boys,17,LCM,200 BR,3:12.19,2:58.49,2:44.69,2:37.89,2:30.99,2:24.19
Girls,17,LCM,50 FL,38.99,36.19,33.39,31.99,30.59,29.19
Boys,17,LCM,50 FL,35.19,32.69,30.19,28.89,27.69,26.39
Girls,17,LCM,100 FL,1:24.29,1:18.29,1:12.29,1:09.29,1:06.29,1:03.29
Boys,17,LCM,100 FL,1:15.99,1:10.59,1:05.19,1:02.39,59.69,56.99
Girls,17,LCM,200 FL,3:06.49,2:53.19,2:39.89,2:33.19,2:26.49,2:19.89
Boys,17,LCM,200 FL,2:49.59,2:37.49,2:25.39,2:19.29,2:13.19,2:07.19
Girls,17,LCM,200 IM,3:10.79,2:57.19,2:43.59,2:36.69,2:29.89,2:23.09
Boys,17,LCM,200 IM,2:53.29,2:40.89,2:28.59,2:22.39,2:16.19,2:09.99
Girls,17,LCM,400 IM,6:44.79,6:15.89,5:46.99,5:32.59,5:18.09,5:03.59
Boys,17,LCM,400 IM,6:12.19,5:45.59,5:18.99,5:05.69,4:52.39,4:39.09
Girls,18,LCM,50 FR,36.09,33.49,30.99,29.69,28.39,27.09
Boys,18,LCM,50 FR,31.99,29.69,27.39,26.29,25.09,23.99
Girls,18,LCM,100 FR,1:18.09,1:12.59,1:06.99,1:04.19,1:01.39,58.59
Boys,18,LCM,100 FR,1:10.19,1:05.19,1:00.19,57.69,55.19,52.69
Girls,18,LCM,200 FR,2:49.29,2:37.19,2:25.09,2:19.09,2:12.99,2:06.99
Boys,18,LCM,200 FR,2:33.59,2:22.59,2:11.59,2:06.19,2:00.69,1:55.19
Girls,18,LCM,400 FR,5:57.09,5:31.59,5:06.09,4:53.39,4:40.59,4:27.79
Boys,18,LCM,400 FR,5:27.39,5:03.99,4:40.69,4:28.99,4:17.29,4:05.59
Girls,18,LCM,800 FR,12:20.19,11:27.29,10:34.39,10:07.99,9:41.59,9:15.09
Boys,18,LCM,800 FR,11:25.69,10:36.69,9:47.69,9:23.29,8:58.79,8:34.29
Girls,18,LCM,1500 FR,23:37.19,21:55.89,20:14.69,19:24.09,18:33.49,17:42.89
Boys,18,LCM,1500 FR,21:52.09,20:18.39,18:44.69,17:57.79,17:10.99,16:24.09
Girls,18,LCM,50 BK,41.79,38.79,35.79,34.29,32.79,31.39
Boys,18,LCM,50 BK,37.29,34.59,31.99,30.59,29.29,27.99
Girls,18,LCM,100 BK,1:26.59,1:20.39,1:14.19,1:11.09,1:07.99,1:04.89
Boys,18,LCM,100 BK,1:18.19,1:12.59,1:06.99,1:04.19,1:01.39,58.69
Girls,18,LCM,200 BK,3:08.09,2:54.59,2:41.19,2:34.49,2:27.79,2:21.09
Boys,18,LCM,200 BK,2:50.19,2:38.09,2:25.89,2:19.79,2:13.79,2:07.69
Girls,18,LCM,50 BR,46.19,42.89,39.59,37.99,36.29,34.69
Boys,18,LCM,50 BR,40.99,37.99,35.09,33.69,32.19,30.69
Girls,18,LCM,100 BR,1:38.29,1:31.29,1:24.29,1:20.79,1:17.29,1:13.69
Boys,18,LCM,100 BR,1:27.09,1:20.89,1:14.69,1:11.59,1:08.39,1:05.29
Girls,18,LCM,200 BR,3:34.79,3:19.39,3:04.09,2:56.39,2:48.79,2:41.09
Boys,18,LCM,200 BR,3:10.49,2:56.89,2:43.29,2:36.49,2:29.69,2:22.89
Girls,18,LCM,50 FL,38.79,35.99,33.19,31.89,30.49,29.09
Boys,18,LCM,50 FL,34.79,32.29,29.89,28.59,27.39,26.09
Girls,18,LCM,100 FL,1:24.19,1:18.19,1:12.19,1:09.19,1:06.19,1:03.09
Boys,18,LCM,100 FL,1:14.99,1:09.69,1:04.29,1:01.59,58.89,56.29
Girls,18,LCM,200 FL,3:06.29,2:52.99,2:39.69,2:32.99,2:26.39,2:19.69
Boys,18,LCM,200 FL,2:47.79,2:35.79,2:23.89,2:17.89,2:11.89,2:05.89
Girls,18,LCM,200 IM,3:10.19,2:56.59,2:42.99,2:36.19,2:29.49,2:22.69
Boys,18,LCM,200 IM,2:52.69,2:40.39,2:28.09,2:21.89,2:15.69,2:09.59
Girls,18,LCM,400 IM,6:46.39,6:17.29,5:48.29,5:33.79,5:19.29,5:04.79
Boys,18,LCM,400 IM,6:10.99,5:44.49,5:17.99,5:04.79,4:51.49,4:38.29
